Date,DailyTotal_kgm2
2009-01-01 00,0.0000
2009-01-02 00,3.5240
2009-01-03 00,0.0000
2009-01-04 00,0.0000
2009-01-05 00,0.5060
2009-01-06 00,0.0000
2009-01-07 00,0.0000
2009-01-08 00,0.0000
2009-01-09 00,0.0000
2009-01-10 00,0.0000
2009-01-11 00,0.0000
2009-01-12 00,0.0000
2009-01-13 00,0.0000
2009-01-14 00,0.0000
2009-01-15 00,0.0000
2009-01-16 00,0.0000
2009-01-17 00,0.0000
2009-01-18 00,0.0000
2009-01-19 00,0.0000
2009-01-20 00,0.0000
2009-01-21 00,3.0820
2009-01-22 00,22.0260
2009-01-23 00,8.8050
2009-01-24 00,2.3160
2009-01-25 00,0.8300
2009-01-26 00,0.0000
2009-01-27 00,0.0000
2009-01-28 00,0.0000
2009-01-29 00,0.0000
2009-01-30 00,0.0000
2009-01-31 00,0.0000
2009-02-01 00,0.0000
2009-02-02 00,0.0000
2009-02-03 00,0.0000
2009-02-04 00,0.0000
2009-02-05 00,1.6400
2009-02-06 00,2.3960
2009-02-07 00,0.0000
2009-02-08 00,3.1850
2009-02-09 00,1.6170
2009-02-10 00,1.2010
2009-02-11 00,9.3740
2009-02-12 00,0.7670
2009-02-13 00,20.2050
2009-02-14 00,1.8020
2009-02-15 00,6.3970
2009-02-16 00,11.8400
2009-02-17 00,25.7480
2009-02-18 00,0.3900
2009-02-19 00,0.0000
2009-02-20 00,0.0000
2009-02-21 00,0.3940
2009-02-22 00,26.0830
2009-02-23 00,17.9480
2009-02-24 00,0.0000
2009-02-25 00,0.4950
2009-02-26 00,3.4660
2009-02-27 00,0.0000
2009-02-28 00,0.0010
2009-03-01 00,15.5640
2009-03-02 00,19.1270
2009-03-03 00,20.7100
2009-03-04 00,2.7580
2009-03-05 00,0.0190
2009-03-06 00,0.0000
2009-03-07 00,0.0000
2009-03-08 00,0.0000
2009-03-09 00,0.0000
2009-03-10 00,0.0000
2009-03-11 00,0.0000
2009-03-12 00,0.0000
2009-03-13 00,0.0000
2009-03-14 00,0.0000
2009-03-15 00,0.9740
2009-03-16 00,0.0950
2009-03-17 00,0.0000
2009-03-18 00,0.0000
2009-03-19 00,0.0000
2009-03-20 00,0.0000
2009-03-21 00,2.0570
2009-03-22 00,3.9490
2009-03-23 00,0.0000
2009-03-24 00,0.0000
2009-03-25 00,0.0000
2009-03-26 00,0.0000
2009-03-27 00,0.0000
2009-03-28 00,0.0000
2009-03-29 00,0.0000
2009-03-30 00,0.0000
2009-03-31 00,0.0000
2009-04-01 00,0.0000
2009-04-02 00,0.0090
2009-04-03 00,0.0000
2009-04-04 00,0.0000
2009-04-05 00,0.0000
2009-04-06 00,0.0000
2009-04-07 00,11.0400
2009-04-08 00,4.2650
2009-04-09 00,9.7850
2009-04-10 00,4.1930
2009-04-11 00,0.0000
2009-04-12 00,0.0000
2009-04-13 00,0.0000
2009-04-14 00,0.0000
2009-04-15 00,0.0000
2009-04-16 00,0.0000
2009-04-17 00,0.0000
2009-04-18 00,0.0000
2009-04-19 00,0.0000
2009-04-20 00,0.0000
2009-04-21 00,0.0000
2009-04-22 00,0.0000
2009-04-23 00,0.0000
2009-04-24 00,1.2090
2009-04-25 00,0.0000
2009-04-26 00,0.0000
2009-04-27 00,0.0000
2009-04-28 00,0.0000
2009-04-29 00,0.0000
2009-04-30 00,0.1530
2009-05-01 00,23.3840
2009-05-02 00,5.5220
2009-05-03 00,7.6890
2009-05-04 00,5.4730
2009-05-05 00,6.9470
2009-05-06 00,0.0000
2009-05-07 00,0.0000
2009-05-08 00,0.0000
2009-05-09 00,0.0000
2009-05-10 00,0.0000
2009-05-11 00,0.0000
2009-05-12 00,0.0000
2009-05-13 00,0.0000
2009-05-14 00,0.0000
2009-05-15 00,0.0000
2009-05-16 00,0.0000
2009-05-17 00,0.0000
2009-05-18 00,0.0000
2009-05-19 00,0.0000
2009-05-20 00,0.0000
2009-05-21 00,0.0000
2009-05-22 00,0.0000
2009-05-23 00,0.0000
2009-05-24 00,0.0000
2009-05-25 00,0.0000
2009-05-26 00,0.0000
2009-05-27 00,0.0000
2009-05-28 00,0.0000
2009-05-29 00,0.0000
2009-05-30 00,0.0000
2009-05-31 00,0.0000
2009-06-01 00,0.0000
2009-06-02 00,0.0000
2009-06-03 00,2.5310
2009-06-04 00,4.5910
2009-06-05 00,0.0000
2009-06-06 00,0.0000
2009-06-07 00,0.0000
2009-06-08 00,0.0000
2009-06-09 00,0.0000
2009-06-10 00,0.0000
2009-06-11 00,0.0000
2009-06-12 00,0.0000
2009-06-13 00,0.0000
2009-06-14 00,0.0000
2009-06-15 00,0.0000
2009-06-16 00,0.0000
2009-06-17 00,0.0000
2009-06-18 00,0.0000
2009-06-19 00,0.0000
2009-06-20 00,0.0000
2009-06-21 00,0.0000
2009-06-22 00,0.0000
2009-06-23 00,0.0000
2009-06-24 00,0.0000
2009-06-25 00,0.0000
2009-06-26 00,0.0000
2009-06-27 00,0.0000
2009-06-28 00,0.0000
2009-06-29 00,0.0000
2009-06-30 00,0.0000
2009-07-01 00,0.0000
2009-07-02 00,0.0000
2009-07-03 00,0.0000
2009-07-04 00,0.0000
2009-07-05 00,0.0000
2009-07-06 00,0.0000
2009-07-07 00,0.0000
2009-07-08 00,0.0000
2009-07-09 00,0.0000
2009-07-10 00,0.0000
2009-07-11 00,0.0000
2009-07-12 00,0.0000
2009-07-13 00,0.0000
2009-07-14 00,0.0000
2009-07-15 00,0.0000
2009-07-16 00,0.0000
2009-07-17 00,0.0000
2009-07-18 00,0.0000
2009-07-19 00,0.0000
2009-07-20 00,0.0000
2009-07-21 00,0.0000
2009-07-22 00,0.0000
2009-07-23 00,0.0000
2009-07-24 00,0.0000
2009-07-25 00,0.0000
2009-07-26 00,0.0000
2009-07-27 00,0.0000
2009-07-28 00,0.0000
2009-07-29 00,0.0000
2009-07-30 00,0.0000
2009-07-31 00,0.0000
2009-08-01 00,0.0000
2009-08-02 00,0.0000
2009-08-03 00,0.0000
2009-08-04 00,0.0000
2009-08-05 00,0.0000
2009-08-06 00,0.0000
2009-08-07 00,0.0000
2009-08-08 00,0.0000
2009-08-09 00,0.0000
2009-08-10 00,0.0000
2009-08-11 00,0.0000
2009-08-12 00,0.0000
2009-08-13 00,0.0000
2009-08-14 00,0.0000
2009-08-15 00,0.0000
2009-08-16 00,0.0000
2009-08-17 00,0.0000
2009-08-18 00,0.0000
2009-08-19 00,0.0000
2009-08-20 00,0.0000
2009-08-21 00,0.0000
2009-08-22 00,0.0000
2009-08-23 00,0.0000
2009-08-24 00,0.0000
2009-08-25 00,0.0000
2009-08-26 00,0.0000
2009-08-27 00,0.0000
2009-08-28 00,0.0000
2009-08-29 00,0.0000
2009-08-30 00,0.0000
2009-08-31 00,0.0000
2009-09-01 00,0.0000
2009-09-02 00,0.0000
2009-09-03 00,0.0000
2009-09-04 00,0.0000
2009-09-05 00,0.0000
2009-09-06 00,0.0000
2009-09-07 00,0.0000
2009-09-08 00,0.0000
2009-09-09 00,0.0000
2009-09-10 00,0.0000
2009-09-11 00,0.0000
2009-09-12 00,0.0670
2009-09-13 00,1.3490
2009-09-14 00,4.4080
2009-09-15 00,0.0000
2009-09-16 00,0.0000
2009-09-17 00,0.0000
2009-09-18 00,0.0000
2009-09-19 00,0.0000
2009-09-20 00,0.0000
2009-09-21 00,0.0000
2009-09-22 00,0.0000
2009-09-23 00,0.0000
2009-09-24 00,0.0000
2009-09-25 00,0.0000
2009-09-26 00,0.0000
2009-09-27 00,0.0000
2009-09-28 00,0.0000
2009-09-29 00,0.0000
2009-09-30 00,0.0000
2009-10-01 00,0.0000
2009-10-02 00,0.0000
2009-10-03 00,0.1720
2009-10-04 00,0.0000
2009-10-05 00,0.0000
2009-10-06 00,0.0000
2009-10-07 00,0.0000
2009-10-08 00,0.0000
2009-10-09 00,0.0000
2009-10-10 00,0.0000
2009-10-11 00,0.0000
2009-10-12 00,0.0000
2009-10-13 00,51.8360
2009-10-14 00,5.9400
2009-10-15 00,0.4060
2009-10-16 00,0.0000
2009-10-17 00,0.0000
2009-10-18 00,0.2220
2009-10-19 00,3.6130
2009-10-20 00,0.0000
2009-10-21 00,0.0000
2009-10-22 00,0.0000
2009-10-23 00,0.0000
2009-10-24 00,0.0000
2009-10-25 00,0.0000
2009-10-26 00,0.0000
2009-10-27 00,0.0000
2009-10-28 00,0.0000
2009-10-29 00,0.0000
2009-10-30 00,0.0000
2009-10-31 00,0.0000
2009-11-01 00,0.0000
2009-11-02 00,0.0000
2009-11-03 00,0.0000
2009-11-04 00,0.0000
2009-11-05 00,0.0000
2009-11-06 00,0.0420
2009-11-07 00,0.4860
2009-11-08 00,0.0000
2009-11-09 00,0.0000
2009-11-10 00,0.0000
2009-11-11 00,0.0980
2009-11-12 00,1.5820
2009-11-13 00,0.0000
2009-11-14 00,0.0000
2009-11-15 00,0.0000
2009-11-16 00,0.0000
2009-11-17 00,3.8650
2009-11-18 00,2.2370
2009-11-19 00,0.0000
2009-11-20 00,6.3180
2009-11-21 00,0.0640
2009-11-22 00,0.2240
2009-11-23 00,0.0000
2009-11-24 00,0.0000
2009-11-25 00,0.0000
2009-11-26 00,0.0000
2009-11-27 00,2.7950
2009-11-28 00,0.0000
2009-11-29 00,0.0000
2009-11-30 00,0.0000
2009-12-01 00,0.0000
2009-12-02 00,0.0000
2009-12-03 00,0.0000
2009-12-04 00,0.0000
2009-12-05 00,0.0000
2009-12-06 00,1.5960
2009-12-07 00,11.7350
2009-12-08 00,0.0000
2009-12-09 00,0.0000
2009-12-10 00,0.9450
2009-12-11 00,23.2990
2009-12-12 00,19.7580
2009-12-13 00,9.1020
2009-12-14 00,0.1700
2009-12-15 00,0.0600
2009-12-16 00,0.3280
2009-12-17 00,0.0000
2009-12-18 00,0.0000
2009-12-19 00,0.0000
2009-12-20 00,0.5980
2009-12-21 00,2.7650
2009-12-22 00,0.3450
2009-12-23 00,0.0000
2009-12-24 00,0.0000
2009-12-25 00,0.0000
2009-12-26 00,0.0280
2009-12-27 00,5.4980
2009-12-28 00,0.4170
2009-12-29 00,1.5630
2009-12-30 00,0.7250
2009-12-31 00,0.0000
2010-01-01 00,1.2490
2010-01-02 00,0.0000
2010-01-03 00,0.0000
2010-01-04 00,0.0000
2010-01-05 00,0.0000
2010-01-06 00,0.0000
2010-01-07 00,0.0000
2010-01-08 00,1.4070
2010-01-09 00,0.0470
2010-01-10 00,0.2670
2010-01-11 00,0.0240
2010-01-12 00,8.8670
2010-01-13 00,13.3210
2010-01-14 00,0.0130
2010-01-15 00,0.0000
2010-01-16 00,0.1720
2010-01-17 00,12.8750
2010-01-18 00,18.1050
2010-01-19 00,21.0550
2010-01-20 00,21.5000
2010-01-21 00,14.5250
2010-01-22 00,3.7180
2010-01-23 00,2.2860
2010-01-24 00,1.6850
2010-01-25 00,12.0140
2010-01-26 00,2.5490
2010-01-27 00,0.0000
2010-01-28 00,0.0000
2010-01-29 00,2.4470
2010-01-30 00,0.3930
2010-01-31 00,0.0000
2010-02-01 00,0.0000
2010-02-02 00,0.3340
2010-02-03 00,0.5170
2010-02-04 00,11.1140
2010-02-05 00,4.3000
2010-02-06 00,6.6030
2010-02-07 00,0.1170
2010-02-08 00,2.3270
2010-02-09 00,3.2010
2010-02-10 00,0.0000
2010-02-11 00,0.0000
2010-02-12 00,0.0000
2010-02-13 00,0.0000
2010-02-14 00,0.0000
2010-02-15 00,0.0000
2010-02-16 00,0.0000
2010-02-17 00,0.0000
2010-02-18 00,0.0000
2010-02-19 00,0.0000
2010-02-20 00,0.5450
2010-02-21 00,0.2690
2010-02-22 00,0.0000
2010-02-23 00,12.1070
2010-02-24 00,3.6760
2010-02-25 00,0.0000
2010-02-26 00,14.0460
2010-02-27 00,8.3860
2010-02-28 00,0.0000
2010-03-01 00,0.0000
2010-03-02 00,8.9380
2010-03-03 00,14.6590
2010-03-04 00,0.0000
2010-03-05 00,0.0000
2010-03-06 00,0.0000
2010-03-07 00,0.0000
2010-03-08 00,0.8590
2010-03-09 00,0.8350
2010-03-10 00,4.6180
2010-03-11 00,0.0000
2010-03-12 00,12.0950
2010-03-13 00,0.0000
2010-03-14 00,0.0000
2010-03-15 00,0.0000
2010-03-16 00,0.0000
2010-03-17 00,0.0000
2010-03-18 00,0.0000
2010-03-19 00,0.0000
2010-03-20 00,0.0000
2010-03-21 00,0.0000
2010-03-22 00,0.0000
2010-03-23 00,0.0000
2010-03-24 00,1.4360
2010-03-25 00,1.6720
2010-03-26 00,0.0000
2010-03-27 00,0.0000
2010-03-28 00,0.0000
2010-03-29 00,0.0000
2010-03-30 00,2.3960
2010-03-31 00,4.7760
2010-04-01 00,0.0000
2010-04-02 00,3.3630
2010-04-03 00,0.1620
2010-04-04 00,19.3760
2010-04-05 00,1.1560
2010-04-06 00,0.0000
2010-04-07 00,0.0000
2010-04-08 00,0.0000
2010-04-09 00,0.0000
2010-04-10 00,0.0000
2010-04-11 00,15.8810
2010-04-12 00,9.6220
2010-04-13 00,6.1510
2010-04-14 00,0.0000
2010-04-15 00,0.0000
2010-04-16 00,0.0000
2010-04-17 00,0.0000
2010-04-18 00,0.0000
2010-04-19 00,0.2450
2010-04-20 00,20.5450
2010-04-21 00,4.5130
2010-04-22 00,0.3830
2010-04-23 00,0.2120
2010-04-24 00,0.0000
2010-04-25 00,0.0000
2010-04-26 00,0.3150
2010-04-27 00,9.1150
2010-04-28 00,3.5950
2010-04-29 00,0.0950
2010-04-30 00,0.0050
2010-05-01 00,0.0000
2010-05-02 00,0.0000
2010-05-03 00,0.0000
2010-05-04 00,0.0000
2010-05-05 00,0.0000
2010-05-06 00,0.0000
2010-05-07 00,0.0000
2010-05-08 00,0.0000
2010-05-09 00,0.2700
2010-05-10 00,8.6770
2010-05-11 00,0.0000
2010-05-12 00,0.0000
2010-05-13 00,0.0000
2010-05-14 00,0.0000
2010-05-15 00,0.0000
2010-05-16 00,0.0000
2010-05-17 00,1.0390
2010-05-18 00,0.0140
2010-05-19 00,0.3180
2010-05-20 00,0.0000
2010-05-21 00,0.0620
2010-05-22 00,0.0520
2010-05-23 00,0.0000
2010-05-24 00,0.0000
2010-05-25 00,6.9200
2010-05-26 00,3.6800
2010-05-27 00,7.4580
2010-05-28 00,0.0130
2010-05-29 00,0.0000
2010-05-30 00,0.0000
2010-05-31 00,0.0000
2010-06-01 00,0.0000
2010-06-02 00,0.0000
2010-06-03 00,0.0080
2010-06-04 00,0.0520
2010-06-05 00,0.0000
2010-06-06 00,0.0000
2010-06-07 00,0.0000
2010-06-08 00,0.0000
2010-06-09 00,0.0000
2010-06-10 00,0.0000
2010-06-11 00,0.0000
2010-06-12 00,0.0000
2010-06-13 00,0.0000
2010-06-14 00,0.0000
2010-06-15 00,0.0000
2010-06-16 00,0.0000
2010-06-17 00,0.0000
2010-06-18 00,0.0000
2010-06-19 00,0.0000
2010-06-20 00,0.0000
2010-06-21 00,0.0000
2010-06-22 00,0.0000
2010-06-23 00,0.0000
2010-06-24 00,0.0000
2010-06-25 00,0.5410
2010-06-26 00,0.0000
2010-06-27 00,0.0000
2010-06-28 00,0.0000
2010-06-29 00,0.0000
2010-06-30 00,0.0000
2010-07-01 00,0.0000
2010-07-02 00,0.0000
2010-07-03 00,0.0000
2010-07-04 00,0.0000
2010-07-05 00,0.0000
2010-07-06 00,0.0000
2010-07-07 00,0.0000
2010-07-08 00,0.0000
2010-07-09 00,0.0000
2010-07-10 00,0.0000
2010-07-11 00,0.0000
2010-07-12 00,0.0000
2010-07-13 00,0.0000
2010-07-14 00,0.0000
2010-07-15 00,0.0000
2010-07-16 00,0.0000
2010-07-17 00,0.0000
2010-07-18 00,0.0000
2010-07-19 00,0.0000
2010-07-20 00,0.0000
2010-07-21 00,0.0000
2010-07-22 00,0.0000
2010-07-23 00,0.0000
2010-07-24 00,0.0000
2010-07-25 00,0.0000
2010-07-26 00,0.0000
2010-07-27 00,0.0000
2010-07-28 00,0.0000
2010-07-29 00,0.0000
2010-07-30 00,0.0000
2010-07-31 00,0.0000
2010-08-01 00,0.0000
2010-08-02 00,0.0000
2010-08-03 00,0.0000
2010-08-04 00,0.0000
2010-08-05 00,0.0000
2010-08-06 00,0.0000
2010-08-07 00,0.0000
2010-08-08 00,0.0000
2010-08-09 00,0.0000
2010-08-10 00,0.0000
2010-08-11 00,0.0000
2010-08-12 00,0.0000
2010-08-13 00,0.0000
2010-08-14 00,0.0000
2010-08-15 00,0.0000
2010-08-16 00,0.0000
2010-08-17 00,0.0000
2010-08-18 00,0.0000
2010-08-19 00,0.0000
2010-08-20 00,0.0000
2010-08-21 00,0.0000
2010-08-22 00,0.0000
2010-08-23 00,0.0000
2010-08-24 00,0.0000
2010-08-25 00,0.0000
2010-08-26 00,0.0000
2010-08-27 00,0.0000
2010-08-28 00,0.0550
2010-08-29 00,0.1210
2010-08-30 00,0.0000
2010-08-31 00,0.0000
2010-09-01 00,0.0000
2010-09-02 00,0.0000
2010-09-03 00,0.0000
2010-09-04 00,0.0000
2010-09-05 00,0.0000
2010-09-06 00,0.0000
2010-09-07 00,0.0000
2010-09-08 00,0.0000
2010-09-09 00,0.0000
2010-09-10 00,0.0000
2010-09-11 00,0.0000
2010-09-12 00,0.0000
2010-09-13 00,0.0000
2010-09-14 00,0.0000
2010-09-15 00,0.0000
2010-09-16 00,0.0000
2010-09-17 00,0.0000
2010-09-18 00,0.0000
2010-09-19 00,0.0510
2010-09-20 00,0.0340
2010-09-21 00,0.0000
2010-09-22 00,0.0000
2010-09-23 00,0.0000
2010-09-24 00,0.0000
2010-09-25 00,0.0000
2010-09-26 00,0.0000
2010-09-27 00,0.0000
2010-09-28 00,0.0000
2010-09-29 00,0.0000
2010-09-30 00,0.0000
2010-10-01 00,0.0000
2010-10-02 00,0.0380
2010-10-03 00,0.0000
2010-10-04 00,0.0000
2010-10-05 00,0.1150
2010-10-06 00,0.5760
2010-10-07 00,0.0000
2010-10-08 00,0.0000
2010-10-09 00,0.0000
2010-10-10 00,0.0000
2010-10-11 00,0.0000
2010-10-12 00,0.0000
2010-10-13 00,0.0000
2010-10-14 00,0.0000
2010-10-15 00,0.0000
2010-10-16 00,0.0000
2010-10-17 00,1.8640
2010-10-18 00,0.0000
2010-10-19 00,0.0000
2010-10-20 00,0.0000
2010-10-21 00,0.0000
2010-10-22 00,0.7150
2010-10-23 00,19.8070
2010-10-24 00,46.4470
2010-10-25 00,0.0120
2010-10-26 00,0.0040
2010-10-27 00,0.0000
2010-10-28 00,0.0000
2010-10-29 00,0.1700
2010-10-30 00,2.0030
2010-10-31 00,0.0000
2010-11-01 00,0.0000
2010-11-02 00,0.0000
2010-11-03 00,0.0000
2010-11-04 00,0.0000
2010-11-05 00,0.0000
2010-11-06 00,0.0010
2010-11-07 00,18.6600
2010-11-08 00,0.0190
2010-11-09 00,0.8440
2010-11-10 00,0.0290
2010-11-11 00,0.0000
2010-11-12 00,0.0000
2010-11-13 00,0.0000
2010-11-14 00,0.0000
2010-11-15 00,0.0000
2010-11-16 00,0.0000
2010-11-17 00,0.0000
2010-11-18 00,0.0000
2010-11-19 00,18.5630
2010-11-20 00,23.8040
2010-11-21 00,2.8020
2010-11-22 00,0.7200
2010-11-23 00,6.9980
2010-11-24 00,0.0000
2010-11-25 00,0.0000
2010-11-26 00,0.0000
2010-11-27 00,10.6750
2010-11-28 00,0.0000
2010-11-29 00,0.0000
2010-11-30 00,0.0000
2010-12-01 00,0.0000
2010-12-02 00,3.2610
2010-12-03 00,3.4360
2010-12-04 00,4.1130
2010-12-05 00,17.9010
2010-12-06 00,4.8140
2010-12-07 00,0.0000
2010-12-08 00,3.1370
2010-12-09 00,1.0990
2010-12-10 00,0.1940
2010-12-11 00,0.0000
2010-12-12 00,0.0000
2010-12-13 00,0.0000
2010-12-14 00,10.0880
2010-12-15 00,0.0000
2010-12-16 00,0.0000
2010-12-17 00,18.8980
2010-12-18 00,24.9750
2010-12-19 00,24.6650
2010-12-20 00,2.8910
2010-12-21 00,0.0610
2010-12-22 00,10.0790
2010-12-23 00,0.0000
2010-12-24 00,0.0000
2010-12-25 00,18.9690
2010-12-26 00,3.1390
2010-12-27 00,0.0230
2010-12-28 00,13.8150
2010-12-29 00,6.9200
2010-12-30 00,0.0000
2010-12-31 00,0.0020
2011-01-01 00,8.1170
2011-01-02 00,11.2800
2011-01-03 00,0.0000
2011-01-04 00,0.0000
2011-01-05 00,0.0000
2011-01-06 00,0.0000
2011-01-07 00,0.0000
2011-01-08 00,0.0000
2011-01-09 00,0.0000
2011-01-10 00,0.0000
2011-01-11 00,0.1190
2011-01-12 00,0.0000
2011-01-13 00,4.2690
2011-01-14 00,0.0000
2011-01-15 00,0.0000
2011-01-16 00,0.0000
2011-01-17 00,0.0200
2011-01-18 00,0.0060
2011-01-19 00,0.0000
2011-01-20 00,0.0000
2011-01-21 00,0.0000
2011-01-22 00,0.0000
2011-01-23 00,0.0000
2011-01-24 00,0.0000
2011-01-25 00,0.0000
2011-01-26 00,0.0000
2011-01-27 00,0.0000
2011-01-28 00,0.0000
2011-01-29 00,2.6690
2011-01-30 00,11.9360
2011-01-31 00,0.0000
2011-02-01 00,0.0000
2011-02-02 00,0.0000
2011-02-03 00,0.0000
2011-02-04 00,0.0000
2011-02-05 00,0.0000
2011-02-06 00,0.0000
2011-02-07 00,0.0000
2011-02-08 00,0.0000
2011-02-09 00,0.0000
2011-02-10 00,0.0000
2011-02-11 00,0.0000
2011-02-12 00,0.0000
2011-02-13 00,0.0000
2011-02-14 00,1.6770
2011-02-15 00,2.1400
2011-02-16 00,18.6300
2011-02-17 00,21.0690
2011-02-18 00,17.2790
2011-02-19 00,5.8650
2011-02-20 00,0.0000
2011-02-21 00,0.0000
2011-02-22 00,0.0000
2011-02-23 00,0.0000
2011-02-24 00,12.8030
2011-02-25 00,25.9440
2011-02-26 00,0.0000
2011-02-27 00,0.0000
2011-02-28 00,0.0000
2011-03-01 00,0.0420
2011-03-02 00,3.9290
2011-03-03 00,0.2480
2011-03-04 00,0.0000
2011-03-05 00,1.9380
2011-03-06 00,18.8800
2011-03-07 00,2.1310
2011-03-08 00,0.0000
2011-03-09 00,0.0000
2011-03-10 00,2.0720
2011-03-11 00,0.0000
2011-03-12 00,0.0000
2011-03-13 00,12.7030
2011-03-14 00,15.6520
2011-03-15 00,34.3100
2011-03-16 00,8.5290
2011-03-17 00,0.0000
2011-03-18 00,19.7080
2011-03-19 00,9.1150
2011-03-20 00,11.3770
2011-03-21 00,4.1220
2011-03-22 00,0.6290
2011-03-23 00,11.7050
2011-03-24 00,31.5500
2011-03-25 00,5.5480
2011-03-26 00,17.7530
2011-03-27 00,0.7290
2011-03-28 00,0.1840
2011-03-29 00,0.0000
2011-03-30 00,0.0000
2011-03-31 00,0.0000
2011-04-01 00,0.0000
2011-04-02 00,0.0000
2011-04-03 00,0.0000
2011-04-04 00,0.0000
2011-04-05 00,0.0000
2011-04-06 00,0.0000
2011-04-07 00,0.3320
2011-04-08 00,0.0760
2011-04-09 00,0.0000
2011-04-10 00,0.0000
2011-04-11 00,0.0000
2011-04-12 00,0.0000
2011-04-13 00,2.1400
2011-04-14 00,0.0000
2011-04-15 00,0.0000
2011-04-16 00,0.0000
2011-04-17 00,0.3370
2011-04-18 00,2.0180
2011-04-19 00,0.0980
2011-04-20 00,0.9520
2011-04-21 00,1.3990
2011-04-22 00,0.0200
2011-04-23 00,0.0800
2011-04-24 00,0.3410
2011-04-25 00,3.0280
2011-04-26 00,0.0000
2011-04-27 00,0.0000
2011-04-28 00,0.0000
2011-04-29 00,0.0000
2011-04-30 00,0.0000
2011-05-01 00,0.0000
2011-05-02 00,0.0000
2011-05-03 00,0.0000
2011-05-04 00,0.0000
2011-05-05 00,0.0000
2011-05-06 00,0.0000
2011-05-07 00,0.0000
2011-05-08 00,0.1720
2011-05-09 00,3.5750
2011-05-10 00,0.0000
2011-05-11 00,0.0000
2011-05-12 00,0.0000
2011-05-13 00,0.0000
2011-05-14 00,0.2950
2011-05-15 00,13.6380
2011-05-16 00,3.2410
2011-05-17 00,9.8130
2011-05-18 00,2.3290
2011-05-19 00,0.2620
2011-05-20 00,0.0000
2011-05-21 00,0.0000
2011-05-22 00,0.0000
2011-05-23 00,0.0000
2011-05-24 00,0.0000
2011-05-25 00,8.0430
2011-05-26 00,0.4050
2011-05-27 00,0.0000
2011-05-28 00,3.1160
2011-05-29 00,0.0800
2011-05-30 00,0.0080
2011-05-31 00,0.3490
2011-06-01 00,8.5260
2011-06-02 00,0.0250
2011-06-03 00,0.1050
2011-06-04 00,10.3640
2011-06-05 00,4.2400
2011-06-06 00,1.4490
2011-06-07 00,0.3310
2011-06-08 00,0.0000
2011-06-09 00,0.0000
2011-06-10 00,0.0000
2011-06-11 00,0.0000
2011-06-12 00,0.0000
2011-06-13 00,0.0000
2011-06-14 00,0.0000
2011-06-15 00,0.0000
2011-06-16 00,0.0000
2011-06-17 00,0.0000
2011-06-18 00,0.0000
2011-06-19 00,0.0000
2011-06-20 00,0.0000
2011-06-21 00,0.0000
2011-06-22 00,0.0000
2011-06-23 00,0.0000
2011-06-24 00,0.0000
2011-06-25 00,0.0000
2011-06-26 00,0.0000
2011-06-27 00,0.0000
2011-06-28 00,18.9310
2011-06-29 00,0.0000
2011-06-30 00,0.0000
2011-07-01 00,0.0000
2011-07-02 00,0.0000
2011-07-03 00,0.0000
2011-07-04 00,0.0000
2011-07-05 00,0.0000
2011-07-06 00,0.0000
2011-07-07 00,0.0000
2011-07-08 00,0.0000
2011-07-09 00,0.0000
2011-07-10 00,0.0000
2011-07-11 00,0.0000
2011-07-12 00,0.0000
2011-07-13 00,0.0000
2011-07-14 00,0.0000
2011-07-15 00,0.0000
2011-07-16 00,0.0000
2011-07-17 00,0.0000
2011-07-18 00,0.0000
2011-07-19 00,0.0000
2011-07-20 00,0.0000
2011-07-21 00,0.0000
2011-07-22 00,0.0000
2011-07-23 00,0.0000
2011-07-24 00,0.0000
2011-07-25 00,0.0000
2011-07-26 00,0.0000
2011-07-27 00,0.0000
2011-07-28 00,0.0000
2011-07-29 00,0.0000
2011-07-30 00,0.0000
2011-07-31 00,0.0000
2011-08-01 00,0.0000
2011-08-02 00,0.0000
2011-08-03 00,0.0000
2011-08-04 00,0.0000
2011-08-05 00,0.0000
2011-08-06 00,0.0000
2011-08-07 00,0.0000
2011-08-08 00,0.0000
2011-08-09 00,0.0000
2011-08-10 00,0.0000
2011-08-11 00,0.0000
2011-08-12 00,0.0000
2011-08-13 00,0.0000
2011-08-14 00,0.0000
2011-08-15 00,0.0000
2011-08-16 00,0.0000
2011-08-17 00,0.0000
2011-08-18 00,0.0000
2011-08-19 00,0.0000
2011-08-20 00,0.0000
2011-08-21 00,0.0000
2011-08-22 00,0.0000
2011-08-23 00,0.0000
2011-08-24 00,0.0000
2011-08-25 00,0.0000
2011-08-26 00,0.0000
2011-08-27 00,0.0000
2011-08-28 00,0.0000
2011-08-29 00,0.0000
2011-08-30 00,0.0000
2011-08-31 00,0.0000
2011-09-01 00,0.0000
2011-09-02 00,0.0000
2011-09-03 00,0.0000
2011-09-04 00,0.0000
2011-09-05 00,0.0000
2011-09-06 00,0.0000
2011-09-07 00,0.0000
2011-09-08 00,0.0000
2011-09-09 00,0.0630
2011-09-10 00,0.0000
2011-09-11 00,0.0000
2011-09-12 00,0.0440
2011-09-13 00,0.5030
2011-09-14 00,0.1570
2011-09-15 00,0.0000
2011-09-16 00,0.0000
2011-09-17 00,0.0000
2011-09-18 00,0.0000
2011-09-19 00,0.0000
2011-09-20 00,0.0000
2011-09-21 00,0.0000
2011-09-22 00,0.0000
2011-09-23 00,0.0000
2011-09-24 00,0.0000
2011-09-25 00,0.0280
2011-09-26 00,0.0000
2011-09-27 00,0.0000
2011-09-28 00,0.0000
2011-09-29 00,0.0000
2011-09-30 00,0.0000
2011-10-01 00,0.0000
2011-10-02 00,0.0000
2011-10-03 00,0.3820
2011-10-04 00,10.6150
2011-10-05 00,11.5940
2011-10-06 00,2.8710
2011-10-07 00,0.6280
2011-10-08 00,0.0000
2011-10-09 00,0.0000
2011-10-10 00,25.2870
2011-10-11 00,0.0720
2011-10-12 00,0.0130
2011-10-13 00,0.0000
2011-10-14 00,0.0000
2011-10-15 00,0.0000
2011-10-16 00,0.0000
2011-10-17 00,0.0040
2011-10-18 00,0.0000
2011-10-19 00,0.0000
2011-10-20 00,0.0000
2011-10-21 00,0.0000
2011-10-22 00,0.0000
2011-10-23 00,0.0000
2011-10-24 00,0.0000
2011-10-25 00,0.0000
2011-10-26 00,0.0000
2011-10-27 00,0.0000
2011-10-28 00,0.0000
2011-10-29 00,0.0000
2011-10-30 00,0.0000
2011-10-31 00,0.0000
2011-11-01 00,0.0000
2011-11-02 00,0.0000
2011-11-03 00,0.6850
2011-11-04 00,0.0000
2011-11-05 00,6.0660
2011-11-06 00,2.9210
2011-11-07 00,0.0000
2011-11-08 00,0.0000
2011-11-09 00,0.0000
2011-11-10 00,0.0000
2011-11-11 00,1.1090
2011-11-12 00,0.2590
2011-11-13 00,0.0000
2011-11-14 00,0.0000
2011-11-15 00,0.0000
2011-11-16 00,0.0000
2011-11-17 00,0.0000
2011-11-18 00,0.3020
2011-11-19 00,1.4540
2011-11-20 00,5.2640
2011-11-21 00,0.0000
2011-11-22 00,0.0000
2011-11-23 00,0.4360
2011-11-24 00,3.0840
2011-11-25 00,0.0000
2011-11-26 00,0.0000
2011-11-27 00,0.0000
2011-11-28 00,0.0340
2011-11-29 00,0.0000
2011-11-30 00,0.0000
2011-12-01 00,0.0000
2011-12-02 00,0.0000
2011-12-03 00,0.0000
2011-12-04 00,0.0000
2011-12-05 00,0.0000
2011-12-06 00,0.0000
2011-12-07 00,0.0000
2011-12-08 00,0.0000
2011-12-09 00,0.0000
2011-12-10 00,0.0000
2011-12-11 00,0.0000
2011-12-12 00,0.0000
2011-12-13 00,0.0000
2011-12-14 00,0.0000
2011-12-15 00,2.5140
2011-12-16 00,0.0000
2011-12-17 00,0.0000
2011-12-18 00,0.0000
2011-12-19 00,0.0000
2011-12-20 00,0.0000
2011-12-21 00,0.0000
2011-12-22 00,0.0000
2011-12-23 00,0.0000
2011-12-24 00,0.0000
2011-12-25 00,0.0000
2011-12-26 00,0.0000
2011-12-27 00,0.0000
2011-12-28 00,0.0000
2011-12-29 00,0.0000
2011-12-30 00,0.0180
2011-12-31 00,0.0000
2012-01-01 00,0.0000
2012-01-02 00,0.0000
2012-01-03 00,0.0000
2012-01-04 00,0.0000
2012-01-05 00,0.0000
2012-01-06 00,0.0000
2012-01-07 00,0.0000
2012-01-08 00,0.0000
2012-01-09 00,0.0000
2012-01-10 00,0.0000
2012-01-11 00,0.0000
2012-01-12 00,0.0000
2012-01-13 00,0.0000
2012-01-14 00,0.0000
2012-01-15 00,0.0000
2012-01-16 00,0.0000
2012-01-17 00,0.0000
2012-01-18 00,0.0000
2012-01-19 00,5.9730
2012-01-20 00,29.9690
2012-01-21 00,7.1150
2012-01-22 00,7.3630
2012-01-23 00,22.8630
2012-01-24 00,0.0070
2012-01-25 00,0.0000
2012-01-26 00,0.0080
2012-01-27 00,0.0000
2012-01-28 00,0.0000
2012-01-29 00,0.0000
2012-01-30 00,0.0000
2012-01-31 00,0.0000
2012-02-01 00,1.2720
2012-02-02 00,0.0000
2012-02-03 00,0.0000
2012-02-04 00,0.0000
2012-02-05 00,0.0000
2012-02-06 00,0.0140
2012-02-07 00,1.6540
2012-02-08 00,0.0000
2012-02-09 00,0.0000
2012-02-10 00,0.0000
2012-02-11 00,0.0000
2012-02-12 00,4.0760
2012-02-13 00,7.4250
2012-02-14 00,0.0000
2012-02-15 00,0.0470
2012-02-16 00,0.0000
2012-02-17 00,0.0000
2012-02-18 00,0.0000
2012-02-19 00,0.0000
2012-02-20 00,0.0000
2012-02-21 00,0.0000
2012-02-22 00,0.0000
2012-02-23 00,0.0000
2012-02-24 00,0.0000
2012-02-25 00,0.0000
2012-02-26 00,0.0000
2012-02-27 00,0.0000
2012-02-28 00,0.7050
2012-02-29 00,13.6340
2012-03-01 00,1.8370
2012-03-02 00,0.0000
2012-03-03 00,0.0000
2012-03-04 00,0.0000
2012-03-05 00,0.0000
2012-03-06 00,0.1720
2012-03-07 00,0.0000
2012-03-08 00,0.0000
2012-03-09 00,0.0000
2012-03-10 00,0.0000
2012-03-11 00,0.0130
2012-03-12 00,0.0000
2012-03-13 00,9.4970
2012-03-14 00,23.5530
2012-03-15 00,2.1410
2012-03-16 00,30.4590
2012-03-17 00,5.1500
2012-03-18 00,4.8660
2012-03-19 00,0.0000
2012-03-20 00,0.0000
2012-03-21 00,0.0000
2012-03-22 00,0.0000
2012-03-23 00,0.0000
2012-03-24 00,0.2890
2012-03-25 00,11.4890
2012-03-26 00,0.0920
2012-03-27 00,23.5210
2012-03-28 00,1.4600
2012-03-29 00,3.2250
2012-03-30 00,0.9290
2012-03-31 00,9.6360
2012-04-01 00,0.0000
2012-04-02 00,0.0000
2012-04-03 00,5.3300
2012-04-04 00,0.2520
2012-04-05 00,0.0000
2012-04-06 00,0.0000
2012-04-07 00,0.0000
2012-04-08 00,0.0000
2012-04-09 00,0.0000
2012-04-10 00,0.6870
2012-04-11 00,10.1960
2012-04-12 00,28.8380
2012-04-13 00,29.7440
2012-04-14 00,0.2710
2012-04-15 00,0.0000
2012-04-16 00,0.0000
2012-04-17 00,0.0000
2012-04-18 00,0.0000
2012-04-19 00,0.0000
2012-04-20 00,0.0000
2012-04-21 00,0.0000
2012-04-22 00,0.0000
2012-04-23 00,0.0000
2012-04-24 00,0.0000
2012-04-25 00,13.6260
2012-04-26 00,3.1120
2012-04-27 00,0.0000
2012-04-28 00,0.0000
2012-04-29 00,0.0000
2012-04-30 00,0.0000
2012-05-01 00,0.0000
2012-05-02 00,0.0000
2012-05-03 00,0.0000
2012-05-04 00,0.0000
2012-05-05 00,0.0000
2012-05-06 00,0.0000
2012-05-07 00,0.0000
2012-05-08 00,0.0000
2012-05-09 00,0.0000
2012-05-10 00,0.0000
2012-05-11 00,0.0000
2012-05-12 00,0.0000
2012-05-13 00,0.0000
2012-05-14 00,0.0000
2012-05-15 00,0.0000
2012-05-16 00,0.0000
2012-05-17 00,0.0000
2012-05-18 00,0.0000
2012-05-19 00,0.0000
2012-05-20 00,0.0000
2012-05-21 00,0.0000
2012-05-22 00,0.0000
2012-05-23 00,0.0000
2012-05-24 00,0.0000
2012-05-25 00,0.1450
2012-05-26 00,0.3180
2012-05-27 00,0.0000
2012-05-28 00,0.0000
2012-05-29 00,0.0000
2012-05-30 00,0.0000
2012-05-31 00,0.0000
2012-06-01 00,0.0000
2012-06-02 00,0.0000
2012-06-03 00,0.0000
2012-06-04 00,1.2740
2012-06-05 00,0.0890
2012-06-06 00,0.0000
2012-06-07 00,0.0000
2012-06-08 00,0.0000
2012-06-09 00,0.0000
2012-06-10 00,0.0000
2012-06-11 00,0.0000
2012-06-12 00,0.0000
2012-06-13 00,0.0000
2012-06-14 00,0.0000
2012-06-15 00,0.0000
2012-06-16 00,0.0000
2012-06-17 00,0.0000
2012-06-18 00,0.0000
2012-06-19 00,0.0000
2012-06-20 00,0.0000
2012-06-21 00,0.0000
2012-06-22 00,0.0000
2012-06-23 00,0.0000
2012-06-24 00,0.0000
2012-06-25 00,0.0000
2012-06-26 00,0.0000
2012-06-27 00,0.0000
2012-06-28 00,0.0000
2012-06-29 00,0.0000
2012-06-30 00,0.0000
2012-07-01 00,0.0000
2012-07-02 00,0.0000
2012-07-03 00,0.0000
2012-07-04 00,0.0000
2012-07-05 00,0.0000
2012-07-06 00,0.0000
2012-07-07 00,0.0000
2012-07-08 00,0.0000
2012-07-09 00,0.0000
2012-07-10 00,0.0000
2012-07-11 00,0.0000
2012-07-12 00,0.0000
2012-07-13 00,0.0000
2012-07-14 00,0.0000
2012-07-15 00,0.0000
2012-07-16 00,0.0000
2012-07-17 00,0.0000
2012-07-18 00,0.0000
2012-07-19 00,0.0000
2012-07-20 00,0.0000
2012-07-21 00,0.0000
2012-07-22 00,0.0390
2012-07-23 00,0.1380
2012-07-24 00,0.0000
2012-07-25 00,0.0000
2012-07-26 00,0.0000
2012-07-27 00,0.0000
2012-07-28 00,0.0000
2012-07-29 00,0.0000
2012-07-30 00,0.0000
2012-07-31 00,0.0000
2012-08-01 00,0.0000
2012-08-02 00,0.0000
2012-08-03 00,0.0000
2012-08-04 00,0.0000
2012-08-05 00,0.0000
2012-08-06 00,0.0000
2012-08-07 00,0.0000
2012-08-08 00,0.0000
2012-08-09 00,0.0000
2012-08-10 00,0.0000
2012-08-11 00,0.0000
2012-08-12 00,0.0000
2012-08-13 00,0.0000
2012-08-14 00,0.0000
2012-08-15 00,0.0000
2012-08-16 00,0.0000
2012-08-17 00,0.0000
2012-08-18 00,0.0000
2012-08-19 00,0.0000
2012-08-20 00,0.0000
2012-08-21 00,0.0000
2012-08-22 00,0.0000
2012-08-23 00,0.0000
2012-08-24 00,0.0000
2012-08-25 00,0.0000
2012-08-26 00,0.0000
2012-08-27 00,0.0000
2012-08-28 00,0.0000
2012-08-29 00,0.0000
2012-08-30 00,0.0000
2012-08-31 00,0.0000
2012-09-01 00,0.0000
2012-09-02 00,0.0000
2012-09-03 00,0.0000
2012-09-04 00,0.0000
2012-09-05 00,0.0000
2012-09-06 00,0.0000
2012-09-07 00,0.0000
2012-09-08 00,0.0000
2012-09-09 00,0.0000
2012-09-10 00,0.0000
2012-09-11 00,0.0000
2012-09-12 00,0.0000
2012-09-13 00,0.0000
2012-09-14 00,0.0000
2012-09-15 00,0.0000
2012-09-16 00,0.0000
2012-09-17 00,0.0000
2012-09-18 00,0.0000
2012-09-19 00,0.0000
2012-09-20 00,0.0000
2012-09-21 00,0.0000
2012-09-22 00,0.0000
2012-09-23 00,0.0000
2012-09-24 00,0.0000
2012-09-25 00,0.0000
2012-09-26 00,0.0000
2012-09-27 00,0.0000
2012-09-28 00,0.0000
2012-09-29 00,0.0000
2012-09-30 00,0.0000
2012-10-01 00,0.0000
2012-10-02 00,0.0000
2012-10-03 00,0.0000
2012-10-04 00,0.0000
2012-10-05 00,0.0000
2012-10-06 00,0.0000
2012-10-07 00,0.0000
2012-10-08 00,0.0000
2012-10-09 00,0.0000
2012-10-10 00,0.0000
2012-10-11 00,0.0000
2012-10-12 00,0.0000
2012-10-13 00,0.0000
2012-10-14 00,0.0000
2012-10-15 00,0.0000
2012-10-16 00,0.0000
2012-10-17 00,0.0000
2012-10-18 00,0.0000
2012-10-19 00,0.0000
2012-10-20 00,0.0000
2012-10-21 00,0.0370
2012-10-22 00,27.8710
2012-10-23 00,1.8770
2012-10-24 00,1.9980
2012-10-25 00,0.0000
2012-10-26 00,0.0000
2012-10-27 00,0.0000
2012-10-28 00,0.0000
2012-10-29 00,0.0000
2012-10-30 00,0.0000
2012-10-31 00,3.7270
2012-11-01 00,5.3390
2012-11-02 00,0.0000
2012-11-03 00,0.0000
2012-11-04 00,0.0000
2012-11-05 00,0.0000
2012-11-06 00,0.0000
2012-11-07 00,0.0000
2012-11-08 00,4.0270
2012-11-09 00,0.5690
2012-11-10 00,0.5690
2012-11-11 00,0.0000
2012-11-12 00,0.0000
2012-11-13 00,0.0000
2012-11-14 00,0.0000
2012-11-15 00,0.0000
2012-11-16 00,3.4450
2012-11-17 00,20.4000
2012-11-18 00,6.9250
2012-11-19 00,0.0000
2012-11-20 00,2.6870
2012-11-21 00,15.1320
2012-11-22 00,0.0000
2012-11-23 00,0.0000
2012-11-24 00,0.0000
2012-11-25 00,0.0000
2012-11-26 00,0.0000
2012-11-27 00,0.0000
2012-11-28 00,14.5600
2012-11-29 00,5.9570
2012-11-30 00,58.0680
2012-12-01 00,19.0430
2012-12-02 00,48.6930
2012-12-03 00,0.3230
2012-12-04 00,3.5660
2012-12-05 00,13.8380
2012-12-06 00,0.2290
2012-12-07 00,0.0000
2012-12-08 00,0.0000
2012-12-09 00,0.0000
2012-12-10 00,0.0000
2012-12-11 00,1.8650
2012-12-12 00,0.5140
2012-12-13 00,0.0040
2012-12-14 00,0.0000
2012-12-15 00,2.5470
2012-12-16 00,0.5250
2012-12-17 00,8.4970
2012-12-18 00,1.6090
2012-12-19 00,0.0000
2012-12-20 00,0.0000
2012-12-21 00,9.9040
2012-12-22 00,23.4770
2012-12-23 00,29.4110
2012-12-24 00,0.1210
2012-12-25 00,25.0510
2012-12-26 00,0.9970
2012-12-27 00,0.0000
2012-12-28 00,0.0000
2012-12-29 00,0.0000
2012-12-30 00,0.0000
2012-12-31 00,0.0000
2013-01-01 00,0.0000
2013-01-02 00,0.0000
2013-01-03 00,0.0000
2013-01-04 00,0.0000
2013-01-05 00,6.8190
2013-01-06 00,9.9640
2013-01-07 00,0.2390
2013-01-08 00,0.0000
2013-01-09 00,1.8720
2013-01-10 00,0.0000
2013-01-11 00,0.0000
2013-01-12 00,0.0000
2013-01-13 00,0.0000
2013-01-14 00,0.0000
2013-01-15 00,0.0000
2013-01-16 00,0.0000
2013-01-17 00,0.0000
2013-01-18 00,0.0000
2013-01-19 00,0.0000
2013-01-20 00,0.0000
2013-01-21 00,0.0000
2013-01-22 00,0.0000
2013-01-23 00,2.4870
2013-01-24 00,1.4870
2013-01-25 00,0.3390
2013-01-26 00,0.4540
2013-01-27 00,0.5670
2013-01-28 00,0.0000
2013-01-29 00,0.0000
2013-01-30 00,0.0000
2013-01-31 00,0.0000
2013-02-01 00,0.0000
2013-02-02 00,0.0000
2013-02-03 00,0.0000
2013-02-04 00,0.0000
2013-02-05 00,0.0000
2013-02-06 00,0.0000
2013-02-07 00,0.2790
2013-02-08 00,0.0000
2013-02-09 00,0.0000
2013-02-10 00,0.0000
2013-02-11 00,0.0000
2013-02-12 00,0.0000
2013-02-13 00,0.0000
2013-02-14 00,0.0000
2013-02-15 00,0.0000
2013-02-16 00,0.0000
2013-02-17 00,0.0000
2013-02-18 00,0.0000
2013-02-19 00,5.3750
2013-02-20 00,0.0000
2013-02-21 00,0.0000
2013-02-22 00,0.0000
2013-02-23 00,0.0000
2013-02-24 00,0.0000
2013-02-25 00,0.0000
2013-02-26 00,0.0000
2013-02-27 00,0.0000
2013-02-28 00,0.0000
2013-03-01 00,0.0000
2013-03-02 00,0.0000
2013-03-03 00,0.0000
2013-03-04 00,0.0000
2013-03-05 00,0.4030
2013-03-06 00,6.9900
2013-03-07 00,0.0000
2013-03-08 00,0.0000
2013-03-09 00,0.0000
2013-03-10 00,0.0000
2013-03-11 00,0.0000
2013-03-12 00,0.0000
2013-03-13 00,0.0000
2013-03-14 00,0.0000
2013-03-15 00,0.0000
2013-03-16 00,0.0000
2013-03-17 00,0.0000
2013-03-18 00,0.0000
2013-03-19 00,4.2460
2013-03-20 00,12.4690
2013-03-21 00,0.3350
2013-03-22 00,0.0000
2013-03-23 00,0.0000
2013-03-24 00,0.0000
2013-03-25 00,0.0000
2013-03-26 00,0.0000
2013-03-27 00,0.0000
2013-03-28 00,0.0000
2013-03-29 00,0.0000
2013-03-30 00,0.3740
2013-03-31 00,30.6970
2013-04-01 00,0.9780
2013-04-02 00,0.0000
2013-04-03 00,0.0040
2013-04-04 00,8.4660
2013-04-05 00,0.0650
2013-04-06 00,0.0000
2013-04-07 00,0.2510
2013-04-08 00,0.8290
2013-04-09 00,0.0000
2013-04-10 00,0.0000
2013-04-11 00,0.0000
2013-04-12 00,0.0000
2013-04-13 00,0.0000
2013-04-14 00,0.0000
2013-04-15 00,1.8500
2013-04-16 00,0.0000
2013-04-17 00,0.0000
2013-04-18 00,0.0000
2013-04-19 00,0.0000
2013-04-20 00,0.0000
2013-04-21 00,0.0000
2013-04-22 00,0.0000
2013-04-23 00,0.0000
2013-04-24 00,0.0000
2013-04-25 00,0.0000
2013-04-26 00,0.0000
2013-04-27 00,0.0000
2013-04-28 00,0.0000
2013-04-29 00,0.0000
2013-04-30 00,0.0000
2013-05-01 00,0.0000
2013-05-02 00,0.0000
2013-05-03 00,0.0000
2013-05-04 00,0.0000
2013-05-05 00,0.0430
2013-05-06 00,1.9950
2013-05-07 00,0.1750
2013-05-08 00,0.0000
2013-05-09 00,0.0000
2013-05-10 00,0.0000
2013-05-11 00,0.0000
2013-05-12 00,0.0000
2013-05-13 00,0.0000
2013-05-14 00,0.0000
2013-05-15 00,0.0000
2013-05-16 00,0.0000
2013-05-17 00,0.0000
2013-05-18 00,0.0000
2013-05-19 00,0.0000
2013-05-20 00,0.0000
2013-05-21 00,0.0000
2013-05-22 00,0.0000
2013-05-23 00,0.0000
2013-05-24 00,0.0000
2013-05-25 00,0.0000
2013-05-26 00,0.0000
2013-05-27 00,1.2810
2013-05-28 00,0.0780
2013-05-29 00,0.8090
2013-05-30 00,0.6160
2013-05-31 00,0.0000
2013-06-01 00,0.0000
2013-06-02 00,0.0000
2013-06-03 00,0.0000
2013-06-04 00,0.0000
2013-06-05 00,0.0000
2013-06-06 00,0.0000
2013-06-07 00,0.0000
2013-06-08 00,0.0000
2013-06-09 00,0.0000
2013-06-10 00,0.0000
2013-06-11 00,0.0000
2013-06-12 00,0.0000
2013-06-13 00,0.0000
2013-06-14 00,0.0000
2013-06-15 00,0.0000
2013-06-16 00,0.0000
2013-06-17 00,0.0000
2013-06-18 00,0.0000
2013-06-19 00,0.0000
2013-06-20 00,0.0000
2013-06-21 00,0.0000
2013-06-22 00,0.0000
2013-06-23 00,0.0000
2013-06-24 00,5.4850
2013-06-25 00,4.8000
2013-06-26 00,0.0000
2013-06-27 00,0.0000
2013-06-28 00,0.0000
2013-06-29 00,0.0000
2013-06-30 00,0.0000
2013-07-01 00,0.0000
2013-07-02 00,0.0000
2013-07-03 00,0.0000
2013-07-04 00,0.0000
2013-07-05 00,0.0000
2013-07-06 00,0.0000
2013-07-07 00,0.0000
2013-07-08 00,0.0000
2013-07-09 00,0.0000
2013-07-10 00,0.0000
2013-07-11 00,0.0000
2013-07-12 00,0.0000
2013-07-13 00,0.0000
2013-07-14 00,0.0000
2013-07-15 00,0.0000
2013-07-16 00,0.0000
2013-07-17 00,0.0000
2013-07-18 00,0.0000
2013-07-19 00,0.0000
2013-07-20 00,0.0000
2013-07-21 00,0.0000
2013-07-22 00,0.0000
2013-07-23 00,0.0000
2013-07-24 00,0.0000
2013-07-25 00,0.0000
2013-07-26 00,0.0000
2013-07-27 00,0.0000
2013-07-28 00,0.0000
2013-07-29 00,0.0000
2013-07-30 00,0.0000
2013-07-31 00,0.0000
2013-08-01 00,0.0000
2013-08-02 00,0.0000
2013-08-03 00,0.0000
2013-08-04 00,0.0000
2013-08-05 00,0.0000
2013-08-06 00,0.0000
2013-08-07 00,0.0000
2013-08-08 00,0.0000
2013-08-09 00,0.0000
2013-08-10 00,0.0000
2013-08-11 00,0.0000
2013-08-12 00,0.0000
2013-08-13 00,0.0000
2013-08-14 00,0.0000
2013-08-15 00,0.0000
2013-08-16 00,0.0000
2013-08-17 00,0.0000
2013-08-18 00,0.0000
2013-08-19 00,0.0000
2013-08-20 00,0.0000
2013-08-21 00,0.0000
2013-08-22 00,0.0000
2013-08-23 00,0.0000
2013-08-24 00,0.0000
2013-08-25 00,0.0000
2013-08-26 00,0.0000
2013-08-27 00,0.0000
2013-08-28 00,0.0000
2013-08-29 00,0.0000
2013-08-30 00,0.0000
2013-08-31 00,0.0000
2013-09-01 00,0.0000
2013-09-02 00,3.6910
2013-09-03 00,0.0000
2013-09-04 00,0.0000
2013-09-05 00,0.0000
2013-09-06 00,0.0000
2013-09-07 00,0.0000
2013-09-08 00,0.0000
2013-09-09 00,0.0000
2013-09-10 00,0.0000
2013-09-11 00,0.0000
2013-09-12 00,0.0000
2013-09-13 00,0.0000
2013-09-14 00,0.0000
2013-09-15 00,0.0000
2013-09-16 00,0.0000
2013-09-17 00,0.0000
2013-09-18 00,0.0000
2013-09-19 00,0.0000
2013-09-20 00,0.0040
2013-09-21 00,8.8970
2013-09-22 00,0.0000
2013-09-23 00,0.0000
2013-09-24 00,0.0000
2013-09-25 00,0.0000
2013-09-26 00,0.0000
2013-09-27 00,0.0000
2013-09-28 00,0.0000
2013-09-29 00,0.0000
2013-09-30 00,0.0000
2013-10-01 00,0.0000
2013-10-02 00,0.0000
2013-10-03 00,0.0000
2013-10-04 00,0.0000
2013-10-05 00,0.0000
2013-10-06 00,0.0000
2013-10-07 00,0.0000
2013-10-08 00,0.0000
2013-10-09 00,0.0000
2013-10-10 00,0.0000
2013-10-11 00,0.0000
2013-10-12 00,0.0000
2013-10-13 00,0.0000
2013-10-14 00,0.0000
2013-10-15 00,0.0000
2013-10-16 00,0.0000
2013-10-17 00,0.0000
2013-10-18 00,0.0000
2013-10-19 00,0.0000
2013-10-20 00,0.0000
2013-10-21 00,0.0000
2013-10-22 00,0.0000
2013-10-23 00,0.0000
2013-10-24 00,0.0000
2013-10-25 00,0.0000
2013-10-26 00,0.0000
2013-10-27 00,0.3130
2013-10-28 00,0.1020
2013-10-29 00,0.0000
2013-10-30 00,0.0000
2013-10-31 00,0.0000
2013-11-01 00,0.0000
2013-11-02 00,0.0000
2013-11-03 00,0.0000
2013-11-04 00,0.0000
2013-11-05 00,0.0000
2013-11-06 00,0.0000
2013-11-07 00,0.0000
2013-11-08 00,0.0000
2013-11-09 00,0.0000
2013-11-10 00,0.0000
2013-11-11 00,0.0000
2013-11-12 00,0.0000
2013-11-13 00,0.0000
2013-11-14 00,0.0000
2013-11-15 00,0.0000
2013-11-16 00,0.0000
2013-11-17 00,0.0000
2013-11-18 00,0.0000
2013-11-19 00,8.9910
2013-11-20 00,12.9990
2013-11-21 00,5.8530
2013-11-22 00,0.0000
2013-11-23 00,0.0000
2013-11-24 00,0.0000
2013-11-25 00,0.0000
2013-11-26 00,0.0000
2013-11-27 00,0.0000
2013-11-28 00,0.0000
2013-11-29 00,0.0000
2013-11-30 00,0.0000
2013-12-01 00,0.0000
2013-12-02 00,0.0000
2013-12-03 00,0.0000
2013-12-04 00,0.0000
2013-12-05 00,0.0000
2013-12-06 00,10.2500
2013-12-07 00,1.5500
2013-12-08 00,0.0000
2013-12-09 00,0.0000
2013-12-10 00,0.0000
2013-12-11 00,0.0000
2013-12-12 00,0.0000
2013-12-13 00,0.0000
2013-12-14 00,0.0000
2013-12-15 00,0.0000
2013-12-16 00,0.0000
2013-12-17 00,0.0000
2013-12-18 00,0.0000
2013-12-19 00,0.0000
2013-12-20 00,0.0000
2013-12-21 00,0.0000
2013-12-22 00,0.0000
2013-12-23 00,0.0000
2013-12-24 00,0.0000
2013-12-25 00,0.0000
2013-12-26 00,0.0000
2013-12-27 00,0.0000
2013-12-28 00,0.0000
2013-12-29 00,0.0000
2013-12-30 00,0.0000
2013-12-31 00,0.0000
2014-01-01 00,0.0000
2014-01-02 00,0.0000
2014-01-03 00,0.0000
2014-01-04 00,0.0000
2014-01-05 00,0.0000
2014-01-06 00,0.0000
2014-01-07 00,0.0000
2014-01-08 00,0.0000
2014-01-09 00,0.0000
2014-01-10 00,0.0000
2014-01-11 00,0.0520
2014-01-12 00,0.0140
2014-01-13 00,0.0000
2014-01-14 00,0.0000
2014-01-15 00,0.0000
2014-01-16 00,0.0000
2014-01-17 00,0.0000
2014-01-18 00,0.0000
2014-01-19 00,0.0000
2014-01-20 00,0.0000
2014-01-21 00,0.0000
2014-01-22 00,0.0000
2014-01-23 00,0.0000
2014-01-24 00,0.0000
2014-01-25 00,0.0000
2014-01-26 00,0.0000
2014-01-27 00,0.0000
2014-01-28 00,0.0000
2014-01-29 00,2.7830
2014-01-30 00,5.8920
2014-01-31 00,2.7890
2014-02-01 00,0.0000
2014-02-02 00,0.0000
2014-02-03 00,0.0000
2014-02-04 00,0.0000
2014-02-05 00,0.2550
2014-02-06 00,7.6920
2014-02-07 00,11.3560
2014-02-08 00,45.0390
2014-02-09 00,37.6490
2014-02-10 00,3.0380
2014-02-11 00,0.0000
2014-02-12 00,0.0000
2014-02-13 00,0.0000
2014-02-14 00,0.0000
2014-02-15 00,1.5330
2014-02-16 00,0.3510
2014-02-17 00,0.0000
2014-02-18 00,0.0000
2014-02-19 00,0.0000
2014-02-20 00,0.0000
2014-02-21 00,0.0000
2014-02-22 00,0.0000
2014-02-23 00,0.0000
2014-02-24 00,0.0000
2014-02-25 00,0.0000
2014-02-26 00,13.0630
2014-02-27 00,2.2990
2014-02-28 00,41.8810
2014-03-01 00,0.2240
2014-03-02 00,3.1830
2014-03-03 00,3.7290
2014-03-04 00,0.9620
2014-03-05 00,7.1970
2014-03-06 00,3.4550
2014-03-07 00,0.0000
2014-03-08 00,0.0000
2014-03-09 00,0.1290
2014-03-10 00,4.9680
2014-03-11 00,0.0000
2014-03-12 00,0.0000
2014-03-13 00,0.0000
2014-03-14 00,0.0000
2014-03-15 00,0.0000
2014-03-16 00,0.0000
2014-03-17 00,0.0000
2014-03-18 00,0.0000
2014-03-19 00,0.0000
2014-03-20 00,0.0000
2014-03-21 00,0.0000
2014-03-22 00,0.0000
2014-03-23 00,0.0000
2014-03-24 00,0.0000
2014-03-25 00,0.2850
2014-03-26 00,6.2220
2014-03-27 00,0.2860
2014-03-28 00,0.0150
2014-03-29 00,20.9080
2014-03-30 00,0.0330
2014-03-31 00,4.6820
2014-04-01 00,29.2840
2014-04-02 00,1.6710
2014-04-03 00,0.0000
2014-04-04 00,1.0380
2014-04-05 00,0.0000
2014-04-06 00,0.0000
2014-04-07 00,0.0000
2014-04-08 00,0.0000
2014-04-09 00,0.0000
2014-04-10 00,0.0000
2014-04-11 00,0.0000
2014-04-12 00,0.0000
2014-04-13 00,0.0000
2014-04-14 00,0.0000
2014-04-15 00,0.0000
2014-04-16 00,0.0000
2014-04-17 00,0.0000
2014-04-18 00,0.0000
2014-04-19 00,0.0000
2014-04-20 00,0.0000
2014-04-21 00,0.0000
2014-04-22 00,0.0000
2014-04-23 00,0.0000
2014-04-24 00,0.0150
2014-04-25 00,19.4920
2014-04-26 00,0.0760
2014-04-27 00,0.0000
2014-04-28 00,0.0000
2014-04-29 00,0.0000
2014-04-30 00,0.0000
2014-05-01 00,0.0000
2014-05-02 00,0.0000
2014-05-03 00,0.0000
2014-05-04 00,0.0000
2014-05-05 00,1.8950
2014-05-06 00,0.1320
2014-05-07 00,0.0080
2014-05-08 00,0.0090
2014-05-09 00,0.0020
2014-05-10 00,0.0000
2014-05-11 00,0.0000
2014-05-12 00,0.0000
2014-05-13 00,0.0000
2014-05-14 00,0.0000
2014-05-15 00,0.0000
2014-05-16 00,0.0000
2014-05-17 00,0.0000
2014-05-18 00,0.0000
2014-05-19 00,0.0000
2014-05-20 00,0.0010
2014-05-21 00,0.0000
2014-05-22 00,0.0000
2014-05-23 00,0.0000
2014-05-24 00,0.0000
2014-05-25 00,0.0000
2014-05-26 00,0.0000
2014-05-27 00,0.0000
2014-05-28 00,0.0000
2014-05-29 00,0.0000
2014-05-30 00,0.0000
2014-05-31 00,0.0000
2014-06-01 00,0.0000
2014-06-02 00,0.0000
2014-06-03 00,0.0000
2014-06-04 00,0.0000
2014-06-05 00,0.0000
2014-06-06 00,0.0000
2014-06-07 00,0.0000
2014-06-08 00,0.0000
2014-06-09 00,0.0000
2014-06-10 00,0.0000
2014-06-11 00,0.0000
2014-06-12 00,0.0000
2014-06-13 00,0.0000
2014-06-14 00,0.0000
2014-06-15 00,0.0000
2014-06-16 00,0.0000
2014-06-17 00,0.0000
2014-06-18 00,0.0000
2014-06-19 00,0.0000
2014-06-20 00,0.0000
2014-06-21 00,0.0000
2014-06-22 00,0.0000
2014-06-23 00,0.0000
2014-06-24 00,0.0000
2014-06-25 00,0.0000
2014-06-26 00,0.0000
2014-06-27 00,0.0000
2014-06-28 00,0.0000
2014-06-29 00,0.0000
2014-06-30 00,0.0000
2014-07-01 00,0.0000
2014-07-02 00,0.0000
2014-07-03 00,0.0000
2014-07-04 00,0.0000
2014-07-05 00,0.0000
2014-07-06 00,0.0000
2014-07-07 00,0.0000
2014-07-08 00,0.0000
2014-07-09 00,0.0000
2014-07-10 00,0.0000
2014-07-11 00,0.0000
2014-07-12 00,0.0000
2014-07-13 00,0.0000
2014-07-14 00,0.0000
2014-07-15 00,0.0000
2014-07-16 00,0.0000
2014-07-17 00,0.0000
2014-07-18 00,0.0000
2014-07-19 00,0.0000
2014-07-20 00,0.0110
2014-07-21 00,0.0050
2014-07-22 00,0.0000
2014-07-23 00,0.0000
2014-07-24 00,0.0000
2014-07-25 00,0.0000
2014-07-26 00,0.0000
2014-07-27 00,0.0000
2014-07-28 00,0.0000
2014-07-29 00,0.0000
2014-07-30 00,0.0000
2014-07-31 00,0.0000
2014-08-01 00,0.0000
2014-08-02 00,0.0000
2014-08-03 00,0.0000
2014-08-04 00,0.0000
2014-08-05 00,0.0430
2014-08-06 00,0.0980
2014-08-07 00,0.0000
2014-08-08 00,0.0000
2014-08-09 00,0.0000
2014-08-10 00,0.0000
2014-08-11 00,0.0000
2014-08-12 00,0.0000
2014-08-13 00,0.0000
2014-08-14 00,0.0000
2014-08-15 00,0.0000
2014-08-16 00,0.0000
2014-08-17 00,0.0000
2014-08-18 00,0.0000
2014-08-19 00,0.0000
2014-08-20 00,0.0000
2014-08-21 00,0.0000
2014-08-22 00,0.0000
2014-08-23 00,0.0000
2014-08-24 00,0.0000
2014-08-25 00,0.0000
2014-08-26 00,0.0000
2014-08-27 00,0.0000
2014-08-28 00,0.0000
2014-08-29 00,0.0000
2014-08-30 00,0.0000
2014-08-31 00,0.0000
2014-09-01 00,0.0000
2014-09-02 00,0.0000
2014-09-03 00,0.0000
2014-09-04 00,0.0000
2014-09-05 00,0.0000
2014-09-06 00,0.0000
2014-09-07 00,0.0000
2014-09-08 00,0.0000
2014-09-09 00,0.0000
2014-09-10 00,0.0000
2014-09-11 00,0.0000
2014-09-12 00,0.0000
2014-09-13 00,0.0000
2014-09-14 00,0.0000
2014-09-15 00,0.0000
2014-09-16 00,0.0000
2014-09-17 00,0.0000
2014-09-18 00,0.0000
2014-09-19 00,0.0000
2014-09-20 00,0.0000
2014-09-21 00,0.0000
2014-09-22 00,0.0000
2014-09-23 00,0.0000
2014-09-24 00,0.0000
2014-09-25 00,10.7870
2014-09-26 00,0.3550
2014-09-27 00,0.3110
2014-09-28 00,0.0000
2014-09-29 00,0.0000
2014-09-30 00,0.0000
2014-10-01 00,0.0000
2014-10-02 00,0.0000
2014-10-03 00,0.0000
2014-10-04 00,0.0000
2014-10-05 00,0.0000
2014-10-06 00,0.0000
2014-10-07 00,0.0000
2014-10-08 00,0.0000
2014-10-09 00,0.0000
2014-10-10 00,0.0000
2014-10-11 00,0.0000
2014-10-12 00,0.0000
2014-10-13 00,0.0000
2014-10-14 00,0.0000
2014-10-15 00,2.1610
2014-10-16 00,0.0000
2014-10-17 00,0.0000
2014-10-18 00,0.0000
2014-10-19 00,0.0000
2014-10-20 00,0.0040
2014-10-21 00,0.0000
2014-10-22 00,0.0000
2014-10-23 00,0.0000
2014-10-24 00,0.0000
2014-10-25 00,1.4620
2014-10-26 00,0.0000
2014-10-27 00,0.0000
2014-10-28 00,0.0000
2014-10-29 00,0.0000
2014-10-30 00,0.0000
2014-10-31 00,5.8590
2014-11-01 00,6.8160
2014-11-02 00,0.0000
2014-11-03 00,0.0000
2014-11-04 00,0.0000
2014-11-05 00,0.0000
2014-11-06 00,0.0000
2014-11-07 00,0.0000
2014-11-08 00,0.0000
2014-11-09 00,0.0000
2014-11-10 00,0.0000
2014-11-11 00,0.0000
2014-11-12 00,0.0050
2014-11-13 00,6.2340
2014-11-14 00,0.0000
2014-11-15 00,0.0000
2014-11-16 00,0.0000
2014-11-17 00,0.0000
2014-11-18 00,0.0000
2014-11-19 00,1.3320
2014-11-20 00,3.6190
2014-11-21 00,0.1160
2014-11-22 00,5.4130
2014-11-23 00,0.0000
2014-11-24 00,0.0000
2014-11-25 00,0.0000
2014-11-26 00,0.0000
2014-11-27 00,0.0000
2014-11-28 00,4.5410
2014-11-29 00,10.3360
2014-11-30 00,7.3720
2014-12-01 00,0.3020
2014-12-02 00,11.8550
2014-12-03 00,53.6250
2014-12-04 00,2.8150
2014-12-05 00,2.8800
2014-12-06 00,2.9840
2014-12-07 00,0.0450
2014-12-08 00,0.0000
2014-12-09 00,0.0000
2014-12-10 00,0.0000
2014-12-11 00,60.0480
2014-12-12 00,19.8130
2014-12-13 00,0.0150
2014-12-14 00,0.1630
2014-12-15 00,17.0390
2014-12-16 00,16.4150
2014-12-17 00,1.1570
2014-12-18 00,0.0000
2014-12-19 00,16.5410
2014-12-20 00,0.0340
2014-12-21 00,0.0000
2014-12-22 00,0.0000
2014-12-23 00,0.0000
2014-12-24 00,0.2050
2014-12-25 00,0.0000
2014-12-26 00,0.0000
2014-12-27 00,0.0000
2014-12-28 00,0.0000
2014-12-29 00,0.0000
2014-12-30 00,0.0000
2014-12-31 00,0.0000
2015-01-01 00,0.0000
2015-01-02 00,0.0000
2015-01-03 00,0.0000
2015-01-04 00,0.0000
2015-01-05 00,0.0000
2015-01-06 00,0.0000
2015-01-07 00,0.0000
2015-01-08 00,0.0000
2015-01-09 00,0.0000
2015-01-10 00,0.0000
2015-01-11 00,0.0000
2015-01-12 00,0.0000
2015-01-13 00,0.0000
2015-01-14 00,0.0000
2015-01-15 00,0.0000
2015-01-16 00,0.0180
2015-01-17 00,0.0000
2015-01-18 00,0.0000
2015-01-19 00,0.0000
2015-01-20 00,0.0000
2015-01-21 00,0.0000
2015-01-22 00,0.0000
2015-01-23 00,0.0000
2015-01-24 00,0.0000
2015-01-25 00,0.0000
2015-01-26 00,0.0000
2015-01-27 00,0.0000
2015-01-28 00,0.0000
2015-01-29 00,0.0000
2015-01-30 00,0.0000
2015-01-31 00,0.0000
2015-02-01 00,0.0000
2015-02-02 00,0.0000
2015-02-03 00,0.0000
2015-02-04 00,0.0000
2015-02-05 00,0.0000
2015-02-06 00,27.5750
2015-02-07 00,1.7330
2015-02-08 00,26.8220
2015-02-09 00,3.6430
2015-02-10 00,0.0000
2015-02-11 00,0.0000
2015-02-12 00,0.0000
2015-02-13 00,0.0000
2015-02-14 00,0.0000
2015-02-15 00,0.0000
2015-02-16 00,0.0000
2015-02-17 00,0.0000
2015-02-18 00,0.0000
2015-02-19 00,0.0000
2015-02-20 00,0.0000
2015-02-21 00,0.0000
2015-02-22 00,0.0000
2015-02-23 00,0.0000
2015-02-24 00,0.0000
2015-02-25 00,0.0000
2015-02-26 00,0.0000
2015-02-27 00,0.0000
2015-02-28 00,0.0570
2015-03-01 00,0.0000
2015-03-02 00,0.0000
2015-03-03 00,0.0000
2015-03-04 00,0.0000
2015-03-05 00,0.0000
2015-03-06 00,0.0000
2015-03-07 00,0.0000
2015-03-08 00,0.0000
2015-03-09 00,0.0000
2015-03-10 00,0.0000
2015-03-11 00,1.3810
2015-03-12 00,0.0000
2015-03-13 00,0.0000
2015-03-14 00,0.0000
2015-03-15 00,0.0000
2015-03-16 00,0.0000
2015-03-17 00,0.0000
2015-03-18 00,0.0000
2015-03-19 00,0.0000
2015-03-20 00,0.0000
2015-03-21 00,0.0000
2015-03-22 00,2.1650
2015-03-23 00,0.1970
2015-03-24 00,0.0000
2015-03-25 00,0.0000
2015-03-26 00,0.0000
2015-03-27 00,0.0000
2015-03-28 00,0.0000
2015-03-29 00,0.0000
2015-03-30 00,0.0000
2015-03-31 00,0.0000
2015-04-01 00,0.0000
2015-04-02 00,0.0000
2015-04-03 00,0.0000
2015-04-04 00,0.0000
2015-04-05 00,1.7900
2015-04-06 00,0.0140
2015-04-07 00,23.3130
2015-04-08 00,0.0200
2015-04-09 00,0.0000
2015-04-10 00,0.0000
2015-04-11 00,0.0000
2015-04-12 00,0.0000
2015-04-13 00,0.0000
2015-04-14 00,0.0000
2015-04-15 00,0.0000
2015-04-16 00,0.0000
2015-04-17 00,0.0000
2015-04-18 00,0.0000
2015-04-19 00,0.0000
2015-04-20 00,0.0000
2015-04-21 00,0.0000
2015-04-22 00,0.0000
2015-04-23 00,0.0030
2015-04-24 00,10.1930
2015-04-25 00,13.2300
2015-04-26 00,0.0000
2015-04-27 00,0.0000
2015-04-28 00,0.0000
2015-04-29 00,0.0000
2015-04-30 00,0.0000
2015-05-01 00,0.0000
2015-05-02 00,0.0000
2015-05-03 00,0.0000
2015-05-04 00,0.0000
2015-05-05 00,0.0000
2015-05-06 00,0.0000
2015-05-07 00,4.0880
2015-05-08 00,0.5940
2015-05-09 00,0.0000
2015-05-10 00,0.0000
2015-05-11 00,0.0000
2015-05-12 00,0.0000
2015-05-13 00,0.0000
2015-05-14 00,7.9150
2015-05-15 00,0.0000
2015-05-16 00,0.0000
2015-05-17 00,0.0000
2015-05-18 00,0.0000
2015-05-19 00,0.0000
2015-05-20 00,0.0000
2015-05-21 00,0.0000
2015-05-22 00,0.0000
2015-05-23 00,0.0000
2015-05-24 00,0.0000
2015-05-25 00,0.0000
2015-05-26 00,0.0000
2015-05-27 00,0.0000
2015-05-28 00,0.0000
2015-05-29 00,0.0000
2015-05-30 00,0.0000
2015-05-31 00,0.0000
2015-06-01 00,0.0000
2015-06-02 00,0.0000
2015-06-03 00,0.0000
2015-06-04 00,0.0000
2015-06-05 00,0.9820
2015-06-06 00,0.0000
2015-06-07 00,0.0000
2015-06-08 00,0.0000
2015-06-09 00,0.0190
2015-06-10 00,1.2580
2015-06-11 00,0.0240
2015-06-12 00,0.0000
2015-06-13 00,0.0000
2015-06-14 00,0.0000
2015-06-15 00,0.0000
2015-06-16 00,0.0000
2015-06-17 00,0.0000
2015-06-18 00,0.0000
2015-06-19 00,0.0000
2015-06-20 00,0.0000
2015-06-21 00,0.0000
2015-06-22 00,0.0000
2015-06-23 00,0.0000
2015-06-24 00,0.0000
2015-06-25 00,0.0000
2015-06-26 00,0.0000
2015-06-27 00,0.0000
2015-06-28 00,0.0000
2015-06-29 00,0.0000
2015-06-30 00,0.0000
2015-07-01 00,0.0000
2015-07-02 00,0.0000
2015-07-03 00,0.0000
2015-07-04 00,0.0000
2015-07-05 00,0.0000
2015-07-06 00,0.0000
2015-07-07 00,0.0000
2015-07-08 00,0.2850
2015-07-09 00,0.0700
2015-07-10 00,0.2140
2015-07-11 00,0.0000
2015-07-12 00,0.0000
2015-07-13 00,0.0000
2015-07-14 00,0.0000
2015-07-15 00,0.0000
2015-07-16 00,0.0000
2015-07-17 00,0.0000
2015-07-18 00,0.0000
2015-07-19 00,0.0000
2015-07-20 00,0.0000
2015-07-21 00,0.0000
2015-07-22 00,0.0000
2015-07-23 00,0.0000
2015-07-24 00,0.0000
2015-07-25 00,0.0000
2015-07-26 00,0.0000
2015-07-27 00,0.0000
2015-07-28 00,0.0000
2015-07-29 00,0.0000
2015-07-30 00,0.0000
2015-07-31 00,0.0000
2015-08-01 00,0.0000
2015-08-02 00,0.0000
2015-08-03 00,0.0000
2015-08-04 00,0.0000
2015-08-05 00,0.0000
2015-08-06 00,0.0000
2015-08-07 00,0.0000
2015-08-08 00,0.0000
2015-08-09 00,0.0000
2015-08-10 00,0.0000
2015-08-11 00,0.0000
2015-08-12 00,0.0000
2015-08-13 00,0.0000
2015-08-14 00,0.0000
2015-08-15 00,0.0000
2015-08-16 00,0.0000
2015-08-17 00,0.0000
2015-08-18 00,0.0000
2015-08-19 00,0.0000
2015-08-20 00,0.0000
2015-08-21 00,0.0000
2015-08-22 00,0.0000
2015-08-23 00,0.0000
2015-08-24 00,0.0000
2015-08-25 00,0.0000
2015-08-26 00,0.0000
2015-08-27 00,0.0000
2015-08-28 00,0.0000
2015-08-29 00,0.0000
2015-08-30 00,0.0000
2015-08-31 00,0.0000
2015-09-01 00,0.0000
2015-09-02 00,0.0000
2015-09-03 00,0.0000
2015-09-04 00,0.0000
2015-09-05 00,0.0000
2015-09-06 00,0.0000
2015-09-07 00,0.0000
2015-09-08 00,0.0000
2015-09-09 00,0.0000
2015-09-10 00,0.0000
2015-09-11 00,0.0000
2015-09-12 00,0.0000
2015-09-13 00,0.0000
2015-09-14 00,0.0020
2015-09-15 00,0.0000
2015-09-16 00,0.0690
2015-09-17 00,0.0000
2015-09-18 00,0.0000
2015-09-19 00,0.0000
2015-09-20 00,0.0000
2015-09-21 00,0.0000
2015-09-22 00,0.0000
2015-09-23 00,0.0000
2015-09-24 00,0.0000
2015-09-25 00,0.0000
2015-09-26 00,0.0000
2015-09-27 00,0.0000
2015-09-28 00,0.0000
2015-09-29 00,0.0000
2015-09-30 00,0.5880
2015-10-01 00,0.2060
2015-10-02 00,0.0000
2015-10-03 00,0.4530
2015-10-04 00,0.2450
2015-10-05 00,0.0000
2015-10-06 00,0.0000
2015-10-07 00,0.0000
2015-10-08 00,0.0000
2015-10-09 00,0.0000
2015-10-10 00,0.0000
2015-10-11 00,0.0000
2015-10-12 00,0.0000
2015-10-13 00,0.0000
2015-10-14 00,0.0000
2015-10-15 00,0.0000
2015-10-16 00,0.3560
2015-10-17 00,11.0660
2015-10-18 00,0.0000
2015-10-19 00,0.0000
2015-10-20 00,0.0000
2015-10-21 00,0.0000
2015-10-22 00,0.0000
2015-10-23 00,0.0000
2015-10-24 00,0.0000
2015-10-25 00,0.0000
2015-10-26 00,0.0000
2015-10-27 00,0.0000
2015-10-28 00,0.0000
2015-10-29 00,0.0000
2015-10-30 00,0.0000
2015-10-31 00,0.0000
2015-11-01 00,7.9670
2015-11-02 00,10.5330
2015-11-03 00,0.1060
2015-11-04 00,0.0000
2015-11-05 00,0.0000
2015-11-06 00,0.0000
2015-11-07 00,0.0000
2015-11-08 00,5.3420
2015-11-09 00,13.0690
2015-11-10 00,0.5210
2015-11-11 00,0.0000
2015-11-12 00,0.0000
2015-11-13 00,0.0000
2015-11-14 00,0.0000
2015-11-15 00,7.7960
2015-11-16 00,0.0000
2015-11-17 00,0.0000
2015-11-18 00,0.0000
2015-11-19 00,0.0000
2015-11-20 00,0.0000
2015-11-21 00,0.0000
2015-11-22 00,0.0000
2015-11-23 00,0.0000
2015-11-24 00,3.1080
2015-11-25 00,0.0000
2015-11-26 00,0.0000
2015-11-27 00,0.0000
2015-11-28 00,0.0000
2015-11-29 00,0.0000
2015-11-30 00,0.0000
2015-12-01 00,0.0000
2015-12-02 00,0.0000
2015-12-03 00,10.2930
2015-12-04 00,0.0000
2015-12-05 00,0.0000
2015-12-06 00,0.8340
2015-12-07 00,0.0000
2015-12-08 00,0.0000
2015-12-09 00,0.0030
2015-12-10 00,4.9140
2015-12-11 00,2.5930
2015-12-12 00,0.0110
2015-12-13 00,12.6490
2015-12-14 00,0.0000
2015-12-15 00,0.0000
2015-12-16 00,0.0000
2015-12-17 00,0.0000
2015-12-18 00,13.7710
2015-12-19 00,6.9620
2015-12-20 00,1.2710
2015-12-21 00,10.7880
2015-12-22 00,2.2840
2015-12-23 00,0.0030
2015-12-24 00,0.5320
2015-12-25 00,0.0000
2015-12-26 00,0.0000
2015-12-27 00,0.0900
2015-12-28 00,0.6360
2015-12-29 00,0.0000
2015-12-30 00,0.0000
2015-12-31 00,0.0000
2016-01-01 00,0.0000
2016-01-02 00,0.0000
2016-01-03 00,0.0000
2016-01-04 00,2.9380
2016-01-05 00,30.4090
2016-01-06 00,14.4310
2016-01-07 00,1.5760
2016-01-08 00,0.0070
2016-01-09 00,1.3280
2016-01-10 00,0.2360
2016-01-11 00,0.0000
2016-01-12 00,0.0690
2016-01-13 00,5.1100
2016-01-14 00,1.3780
2016-01-15 00,1.8480
2016-01-16 00,4.4430
2016-01-17 00,17.8480
2016-01-18 00,11.7770
2016-01-19 00,20.7830
2016-01-20 00,0.0000
2016-01-21 00,0.0210
2016-01-22 00,7.2910
2016-01-23 00,5.0750
2016-01-24 00,0.0810
2016-01-25 00,0.3530
2016-01-26 00,0.0000
2016-01-27 00,0.0000
2016-01-28 00,0.8260
2016-01-29 00,6.2540
2016-01-30 00,1.5690
2016-01-31 00,0.0130
2016-02-01 00,0.0000
2016-02-02 00,2.9740
2016-02-03 00,0.0000
2016-02-04 00,0.0000
2016-02-05 00,0.0000
2016-02-06 00,0.0000
2016-02-07 00,0.0000
2016-02-08 00,0.0000
2016-02-09 00,0.0000
2016-02-10 00,0.0000
2016-02-11 00,0.0000
2016-02-12 00,0.0000
2016-02-13 00,0.0000
2016-02-14 00,0.0000
2016-02-15 00,0.0000
2016-02-16 00,0.0000
2016-02-17 00,13.8210
2016-02-18 00,5.9670
2016-02-19 00,0.5210
2016-02-20 00,0.0000
2016-02-21 00,0.0000
2016-02-22 00,0.0000
2016-02-23 00,0.0000
2016-02-24 00,0.0000
2016-02-25 00,0.0000
2016-02-26 00,0.0000
2016-02-27 00,0.0000
2016-02-28 00,0.0000
2016-02-29 00,0.0000
2016-03-01 00,0.0000
2016-03-02 00,0.0000
2016-03-03 00,0.0010
2016-03-04 00,19.1250
2016-03-05 00,26.2960
2016-03-06 00,11.3670
2016-03-07 00,16.2730
2016-03-08 00,0.1670
2016-03-09 00,0.3040
2016-03-10 00,11.1200
2016-03-11 00,20.1700
2016-03-12 00,13.1290
2016-03-13 00,21.9850
2016-03-14 00,1.7040
2016-03-15 00,0.0000
2016-03-16 00,0.0000
2016-03-17 00,0.0000
2016-03-18 00,0.0000
2016-03-19 00,0.0000
2016-03-20 00,2.7240
2016-03-21 00,3.7870
2016-03-22 00,0.0000
2016-03-23 00,0.0000
2016-03-24 00,0.0000
2016-03-25 00,0.0000
2016-03-26 00,0.0000
2016-03-27 00,0.0000
2016-03-28 00,0.0000
2016-03-29 00,0.0000
2016-03-30 00,0.0000
2016-03-31 00,0.0000
2016-04-01 00,0.0000
2016-04-02 00,0.0000
2016-04-03 00,0.0000
2016-04-04 00,0.0000
2016-04-05 00,0.0000
2016-04-06 00,0.0000
2016-04-07 00,0.0000
2016-04-08 00,0.0000
2016-04-09 00,6.6210
2016-04-10 00,4.1590
2016-04-11 00,0.0000
2016-04-12 00,0.0000
2016-04-13 00,0.2080
2016-04-14 00,2.8220
2016-04-15 00,0.0000
2016-04-16 00,0.0000
2016-04-17 00,0.0000
2016-04-18 00,0.0000
2016-04-19 00,0.0000
2016-04-20 00,0.0000
2016-04-21 00,0.0000
2016-04-22 00,10.6610
2016-04-23 00,0.0000
2016-04-24 00,0.1530
2016-04-25 00,0.0000
2016-04-26 00,0.0000
2016-04-27 00,0.4400
2016-04-28 00,0.0000
2016-04-29 00,2.0900
2016-04-30 00,0.0000
2016-05-01 00,0.0160
2016-05-02 00,0.0000
2016-05-03 00,0.0000
2016-05-04 00,0.0000
2016-05-05 00,2.2470
2016-05-06 00,1.4280
2016-05-07 00,1.2350
2016-05-08 00,0.6420
2016-05-09 00,0.0000
2016-05-10 00,0.0000
2016-05-11 00,0.0000
2016-05-12 00,0.0000
2016-05-13 00,0.0000
2016-05-14 00,0.0000
2016-05-15 00,0.0000
2016-05-16 00,0.0000
2016-05-17 00,0.0000
2016-05-18 00,0.0000
2016-05-19 00,0.0000
2016-05-20 00,4.0560
2016-05-21 00,0.0100
2016-05-22 00,0.0000
2016-05-23 00,0.0000
2016-05-24 00,0.2560
2016-05-25 00,0.0000
2016-05-26 00,0.0000
2016-05-27 00,0.0000
2016-05-28 00,0.0000
2016-05-29 00,0.0000
2016-05-30 00,0.0000
2016-05-31 00,0.0000
2016-06-01 00,0.0000
2016-06-02 00,0.0000
2016-06-03 00,0.0000
2016-06-04 00,0.0000
2016-06-05 00,0.0000
2016-06-06 00,0.0000
2016-06-07 00,0.0000
2016-06-08 00,0.0000
2016-06-09 00,0.0000
2016-06-10 00,0.0000
2016-06-11 00,0.0000
2016-06-12 00,0.0000
2016-06-13 00,0.0000
2016-06-14 00,0.0000
2016-06-15 00,0.0000
2016-06-16 00,0.0000
2016-06-17 00,0.0000
2016-06-18 00,0.0000
2016-06-19 00,0.0000
2016-06-20 00,0.0000
2016-06-21 00,0.0000
2016-06-22 00,0.0000
2016-06-23 00,0.0000
2016-06-24 00,0.0000
2016-06-25 00,0.0000
2016-06-26 00,0.0000
2016-06-27 00,0.0000
2016-06-28 00,0.0000
2016-06-29 00,0.0000
2016-06-30 00,0.0000
2016-07-01 00,0.0000
2016-07-02 00,0.0000
2016-07-03 00,0.0000
2016-07-04 00,0.0000
2016-07-05 00,0.0000
2016-07-06 00,0.0000
2016-07-07 00,0.0000
2016-07-08 00,0.0000
2016-07-09 00,0.0000
2016-07-10 00,0.0000
2016-07-11 00,0.0000
2016-07-12 00,0.0000
2016-07-13 00,0.0000
2016-07-14 00,0.0000
2016-07-15 00,0.0000
2016-07-16 00,0.0000
2016-07-17 00,0.0000
2016-07-18 00,0.0000
2016-07-19 00,0.0000
2016-07-20 00,0.0000
2016-07-21 00,0.0000
2016-07-22 00,0.0000
2016-07-23 00,0.0000
2016-07-24 00,0.0000
2016-07-25 00,0.0000
2016-07-26 00,0.0000
2016-07-27 00,0.0000
2016-07-28 00,0.0000
2016-07-29 00,0.0000
2016-07-30 00,0.0000
2016-07-31 00,0.0000
2016-08-01 00,0.0000
2016-08-02 00,0.0000
2016-08-03 00,0.0000
2016-08-04 00,0.0000
2016-08-05 00,0.0000
2016-08-06 00,0.0000
2016-08-07 00,0.0000
2016-08-08 00,0.0000
2016-08-09 00,0.0000
2016-08-10 00,0.0000
2016-08-11 00,0.0000
2016-08-12 00,0.0000
2016-08-13 00,0.0000
2016-08-14 00,0.0000
2016-08-15 00,0.0000
2016-08-16 00,0.0000
2016-08-17 00,0.0000
2016-08-18 00,0.0000
2016-08-19 00,0.0000
2016-08-20 00,0.0000
2016-08-21 00,0.0000
2016-08-22 00,0.0000
2016-08-23 00,0.0000
2016-08-24 00,0.0000
2016-08-25 00,0.0000
2016-08-26 00,0.0000
2016-08-27 00,0.0000
2016-08-28 00,0.0000
2016-08-29 00,0.0000
2016-08-30 00,0.0000
2016-08-31 00,0.0000
2016-09-01 00,0.0000
2016-09-02 00,0.0000
2016-09-03 00,0.0000
2016-09-04 00,0.0000
2016-09-05 00,0.0000
2016-09-06 00,0.0000
2016-09-07 00,0.0000
2016-09-08 00,0.0000
2016-09-09 00,0.0000
2016-09-10 00,0.0000
2016-09-11 00,0.0000
2016-09-12 00,0.0000
2016-09-13 00,0.0000
2016-09-14 00,0.0000
2016-09-15 00,0.0000
2016-09-16 00,0.0000
2016-09-17 00,0.0000
2016-09-18 00,0.0000
2016-09-19 00,0.0000
2016-09-20 00,0.0000
2016-09-21 00,0.0000
2016-09-22 00,0.0000
2016-09-23 00,0.0000
2016-09-24 00,0.0000
2016-09-25 00,0.0000
2016-09-26 00,0.0000
2016-09-27 00,0.0000
2016-09-28 00,0.0000
2016-09-29 00,0.0000
2016-09-30 00,0.0000
2016-10-01 00,0.0000
2016-10-02 00,2.1200
2016-10-03 00,0.0980
2016-10-04 00,0.0000
2016-10-05 00,0.0000
2016-10-06 00,0.0000
2016-10-07 00,0.0000
2016-10-08 00,0.0000
2016-10-09 00,0.0000
2016-10-10 00,0.0000
2016-10-11 00,0.0000
2016-10-12 00,0.0000
2016-10-13 00,0.0000
2016-10-14 00,18.4620
2016-10-15 00,4.0930
2016-10-16 00,38.8520
2016-10-17 00,0.6730
2016-10-18 00,0.0000
2016-10-19 00,0.0000
2016-10-20 00,0.0000
2016-10-21 00,0.0000
2016-10-22 00,0.0000
2016-10-23 00,0.0000
2016-10-24 00,1.1270
2016-10-25 00,2.5980
2016-10-26 00,0.0000
2016-10-27 00,18.1260
2016-10-28 00,21.3260
2016-10-29 00,0.1930
2016-10-30 00,13.1280
2016-10-31 00,3.1500
2016-11-01 00,0.9700
2016-11-02 00,0.0000
2016-11-03 00,0.0000
2016-11-04 00,0.0000
2016-11-05 00,0.0000
2016-11-06 00,0.0000
2016-11-07 00,0.0000
2016-11-08 00,0.0000
2016-11-09 00,0.0000
2016-11-10 00,0.0000
2016-11-11 00,0.0000
2016-11-12 00,0.0000
2016-11-13 00,0.0000
2016-11-14 00,0.0000
2016-11-15 00,0.0000
2016-11-16 00,0.0000
2016-11-17 00,0.0000
2016-11-18 00,0.0000
2016-11-19 00,10.5570
2016-11-20 00,9.1790
2016-11-21 00,0.5650
2016-11-22 00,0.2130
2016-11-23 00,6.7200
2016-11-24 00,0.0000
2016-11-25 00,0.0000
2016-11-26 00,12.1370
2016-11-27 00,4.4990
2016-11-28 00,1.1540
2016-11-29 00,0.0000
2016-11-30 00,0.1080
2016-12-01 00,0.0000
2016-12-02 00,0.0000
2016-12-03 00,0.0000
2016-12-04 00,0.0000
2016-12-05 00,0.0000
2016-12-06 00,0.0000
2016-12-07 00,1.3650
2016-12-08 00,12.5610
2016-12-09 00,2.5770
2016-12-10 00,17.6200
2016-12-11 00,0.0600
2016-12-12 00,0.0000
2016-12-13 00,0.2930
2016-12-14 00,0.1430
2016-12-15 00,45.5630
2016-12-16 00,1.0960
2016-12-17 00,0.0000
2016-12-18 00,0.0000
2016-12-19 00,0.0000
2016-12-20 00,0.0000
2016-12-21 00,0.0000
2016-12-22 00,0.0000
2016-12-23 00,7.5120
2016-12-24 00,0.0000
2016-12-25 00,0.0000
2016-12-26 00,0.0000
2016-12-27 00,0.0000
2016-12-28 00,0.0000
2016-12-29 00,0.0000
2016-12-30 00,0.0100
2016-12-31 00,0.0870
2017-01-01 00,0.0000
2017-01-02 00,5.3150
2017-01-03 00,19.0150
2017-01-04 00,14.5290
2017-01-05 00,0.0280
2017-01-06 00,0.1150
2017-01-07 00,18.7590
2017-01-08 00,54.6910
2017-01-09 00,4.7930
2017-01-10 00,62.9070
2017-01-11 00,5.7200
2017-01-12 00,9.8920
2017-01-13 00,0.0000
2017-01-14 00,0.0000
2017-01-15 00,0.0000
2017-01-16 00,0.0000
2017-01-17 00,0.0110
2017-01-18 00,20.8490
2017-01-19 00,3.7480
2017-01-20 00,16.6510
2017-01-21 00,4.4210
2017-01-22 00,10.8070
2017-01-23 00,3.0820
2017-01-24 00,0.0300
2017-01-25 00,0.0000
2017-01-26 00,0.0000
2017-01-27 00,0.0000
2017-01-28 00,0.0000
2017-01-29 00,0.0000
2017-01-30 00,0.0000
2017-01-31 00,0.0000
2017-02-01 00,0.6750
2017-02-02 00,4.4110
2017-02-03 00,21.7830
2017-02-04 00,0.3430
2017-02-05 00,8.7240
2017-02-06 00,28.1590
2017-02-07 00,15.4950
2017-02-08 00,16.7710
2017-02-09 00,35.1850
2017-02-10 00,2.2920
2017-02-11 00,2.1020
2017-02-12 00,0.0000
2017-02-13 00,0.0000
2017-02-14 00,0.0000
2017-02-15 00,0.0070
2017-02-16 00,6.6240
2017-02-17 00,19.6730
2017-02-18 00,4.6220
2017-02-19 00,4.9310
2017-02-20 00,52.3560
2017-02-21 00,2.0410
2017-02-22 00,0.0270
2017-02-23 00,0.0000
2017-02-24 00,0.0000
2017-02-25 00,0.0000
2017-02-26 00,0.0000
2017-02-27 00,0.0000
2017-02-28 00,0.0000
2017-03-01 00,0.0000
2017-03-02 00,0.0000
2017-03-03 00,0.2890
2017-03-04 00,4.2810
2017-03-05 00,2.9960
2017-03-06 00,0.3370
2017-03-07 00,0.0000
2017-03-08 00,0.0000
2017-03-09 00,0.0000
2017-03-10 00,0.0000
2017-03-11 00,0.0000
2017-03-12 00,0.0000
2017-03-13 00,0.0000
2017-03-14 00,0.0000
2017-03-15 00,0.0000
2017-03-16 00,0.0000
2017-03-17 00,0.0000
2017-03-18 00,0.0000
2017-03-19 00,0.0000
2017-03-20 00,9.9720
2017-03-21 00,16.6100
2017-03-22 00,21.9500
2017-03-23 00,0.0000
2017-03-24 00,7.2380
2017-03-25 00,0.1660
2017-03-26 00,5.9100
2017-03-27 00,0.5630
2017-03-28 00,0.0000
2017-03-29 00,0.3310
2017-03-30 00,0.6380
2017-03-31 00,0.0000
2017-04-01 00,0.0000
2017-04-02 00,0.0000
2017-04-03 00,0.0000
2017-04-04 00,0.0000
2017-04-05 00,0.0000
2017-04-06 00,27.1120
2017-04-07 00,35.1280
2017-04-08 00,8.7230
2017-04-09 00,0.0000
2017-04-10 00,0.0000
2017-04-11 00,0.0000
2017-04-12 00,2.8360
2017-04-13 00,8.1590
2017-04-14 00,0.0000
2017-04-15 00,0.0000
2017-04-16 00,11.2890
2017-04-17 00,6.1890
2017-04-18 00,2.2170
2017-04-19 00,1.6420
2017-04-20 00,1.5830
2017-04-21 00,0.0000
2017-04-22 00,0.0000
2017-04-23 00,0.0080
2017-04-24 00,0.0610
2017-04-25 00,0.0060
2017-04-26 00,0.0060
2017-04-27 00,0.0160
2017-04-28 00,0.0000
2017-04-29 00,0.0000
2017-04-30 00,0.0000
2017-05-01 00,0.0000
2017-05-02 00,0.0000
2017-05-03 00,0.0000
2017-05-04 00,0.0000
2017-05-05 00,0.0000
2017-05-06 00,0.0000
2017-05-07 00,0.0000
2017-05-08 00,0.0000
2017-05-09 00,0.0000
2017-05-10 00,0.0000
2017-05-11 00,0.0000
2017-05-12 00,0.0000
2017-05-13 00,0.0000
2017-05-14 00,0.0000
2017-05-15 00,0.0000
2017-05-16 00,0.0250
2017-05-17 00,0.0000
2017-05-18 00,0.0000
2017-05-19 00,0.0000
2017-05-20 00,0.0000
2017-05-21 00,0.0000
2017-05-22 00,0.0000
2017-05-23 00,0.0000
2017-05-24 00,0.0000
2017-05-25 00,0.0000
2017-05-26 00,0.0000
2017-05-27 00,0.0000
2017-05-28 00,0.0000
2017-05-29 00,0.0000
2017-05-30 00,0.0530
2017-05-31 00,4.0430
2017-06-01 00,0.0000
2017-06-02 00,0.0000
2017-06-03 00,0.0000
2017-06-04 00,0.0000
2017-06-05 00,0.0000
2017-06-06 00,0.0000
2017-06-07 00,0.0000
2017-06-08 00,8.0060
2017-06-09 00,0.0000
2017-06-10 00,0.0000
2017-06-11 00,0.0720
2017-06-12 00,0.1380
2017-06-13 00,0.0000
2017-06-14 00,0.0000
2017-06-15 00,0.0000
2017-06-16 00,0.0000
2017-06-17 00,0.0000
2017-06-18 00,0.0000
2017-06-19 00,0.0000
2017-06-20 00,0.0000
2017-06-21 00,0.0000
2017-06-22 00,0.0000
2017-06-23 00,0.0000
2017-06-24 00,0.0000
2017-06-25 00,0.0000
2017-06-26 00,0.0000
2017-06-27 00,0.0000
2017-06-28 00,0.0000
2017-06-29 00,0.0000
2017-06-30 00,0.0000
2017-07-01 00,0.0000
2017-07-02 00,0.0000
2017-07-03 00,0.0000
2017-07-04 00,0.0000
2017-07-05 00,0.0000
2017-07-06 00,0.0000
2017-07-07 00,0.0000
2017-07-08 00,0.0000
2017-07-09 00,0.0000
2017-07-10 00,0.0000
2017-07-11 00,0.0000
2017-07-12 00,0.0000
2017-07-13 00,0.0000
2017-07-14 00,0.0000
2017-07-15 00,0.0000
2017-07-16 00,0.0000
2017-07-17 00,0.0000
2017-07-18 00,0.0000
2017-07-19 00,0.0000
2017-07-20 00,0.0000
2017-07-21 00,0.0000
2017-07-22 00,0.0000
2017-07-23 00,0.0000
2017-07-24 00,0.0000
2017-07-25 00,0.0000
2017-07-26 00,0.0000
2017-07-27 00,0.0000
2017-07-28 00,0.0000
2017-07-29 00,0.0000
2017-07-30 00,0.0000
2017-07-31 00,0.0000
2017-08-01 00,0.0000
2017-08-02 00,0.0000
2017-08-03 00,0.0000
2017-08-04 00,0.0000
2017-08-05 00,0.0000
2017-08-06 00,0.0000
2017-08-07 00,0.0000
2017-08-08 00,0.0000
2017-08-09 00,0.0000
2017-08-10 00,0.0000
2017-08-11 00,0.0000
2017-08-12 00,0.0000
2017-08-13 00,0.0000
2017-08-14 00,0.0000
2017-08-15 00,0.0000
2017-08-16 00,0.0000
2017-08-17 00,0.0000
2017-08-18 00,0.0000
2017-08-19 00,0.0000
2017-08-20 00,0.0000
2017-08-21 00,0.0000
2017-08-22 00,0.0000
2017-08-23 00,0.0000
2017-08-24 00,0.0000
2017-08-25 00,0.0000
2017-08-26 00,0.0000
2017-08-27 00,0.0000
2017-08-28 00,0.0000
2017-08-29 00,0.0000
2017-08-30 00,0.0000
2017-08-31 00,0.0000
2017-09-01 00,0.0000
2017-09-02 00,0.0000
2017-09-03 00,0.0000
2017-09-04 00,0.0000
2017-09-05 00,0.0000
2017-09-06 00,0.0000
2017-09-07 00,0.0000
2017-09-08 00,0.0000
2017-09-09 00,0.0000
2017-09-10 00,0.0000
2017-09-11 00,0.2670
2017-09-12 00,0.0000
2017-09-13 00,0.0000
2017-09-14 00,0.0000
2017-09-15 00,0.0000
2017-09-16 00,0.0000
2017-09-17 00,0.0000
2017-09-18 00,0.0000
2017-09-19 00,0.0000
2017-09-20 00,0.0000
2017-09-21 00,0.0000
2017-09-22 00,0.0000
2017-09-23 00,0.0000
2017-09-24 00,0.0000
2017-09-25 00,0.0000
2017-09-26 00,0.0000
2017-09-27 00,0.0000
2017-09-28 00,0.0000
2017-09-29 00,0.0000
2017-09-30 00,0.0000
2017-10-01 00,0.0000
2017-10-02 00,0.0000
2017-10-03 00,0.0000
2017-10-04 00,0.0000
2017-10-05 00,0.0000
2017-10-06 00,0.0000
2017-10-07 00,0.0000
2017-10-08 00,0.0000
2017-10-09 00,0.0000
2017-10-10 00,0.0000
2017-10-11 00,0.0000
2017-10-12 00,0.0000
2017-10-13 00,0.0000
2017-10-14 00,0.0000
2017-10-15 00,0.0000
2017-10-16 00,0.0000
2017-10-17 00,0.0000
2017-10-18 00,0.0000
2017-10-19 00,0.0160
2017-10-20 00,6.6800
2017-10-21 00,0.0000
2017-10-22 00,0.0000
2017-10-23 00,0.0000
2017-10-24 00,0.0000
2017-10-25 00,0.0000
2017-10-26 00,0.0000
2017-10-27 00,0.0000
2017-10-28 00,0.0000
2017-10-29 00,0.0000
2017-10-30 00,0.0000
2017-10-31 00,0.0000
2017-11-01 00,0.0000
2017-11-02 00,0.0000
2017-11-03 00,0.2150
2017-11-04 00,4.5510
2017-11-05 00,0.0000
2017-11-06 00,0.0000
2017-11-07 00,0.0000
2017-11-08 00,3.0880
2017-11-09 00,6.7560
2017-11-10 00,0.0490
2017-11-11 00,0.0000
2017-11-12 00,0.0000
2017-11-13 00,2.9160
2017-11-14 00,0.0030
2017-11-15 00,14.7600
2017-11-16 00,34.6500
2017-11-17 00,3.8840
2017-11-18 00,0.0430
2017-11-19 00,0.0000
2017-11-20 00,0.4110
2017-11-21 00,0.0000
2017-11-22 00,0.0000
2017-11-23 00,0.0000
2017-11-24 00,0.0000
2017-11-25 00,0.0000
2017-11-26 00,9.9570
2017-11-27 00,7.0590
2017-11-28 00,0.0000
2017-11-29 00,0.0000
2017-11-30 00,0.0000
2017-12-01 00,0.0000
2017-12-02 00,0.1110
2017-12-03 00,0.7820
2017-12-04 00,0.0000
2017-12-05 00,0.0000
2017-12-06 00,0.0000
2017-12-07 00,0.0000
2017-12-08 00,0.0000
2017-12-09 00,0.0000
2017-12-10 00,0.0000
2017-12-11 00,0.0000
2017-12-12 00,0.0000
2017-12-13 00,0.0000
2017-12-14 00,0.0000
2017-12-15 00,0.0000
2017-12-16 00,0.0000
2017-12-17 00,0.0000
2017-12-18 00,0.0000
2017-12-19 00,0.1280
2017-12-20 00,3.5210
2017-12-21 00,0.0000
2017-12-22 00,0.0000
2017-12-23 00,0.0000
2017-12-24 00,0.0000
2017-12-25 00,0.0000
2017-12-26 00,0.0000
2017-12-27 00,0.0000
2017-12-28 00,0.0000
2017-12-29 00,0.0000
2017-12-30 00,0.0000
2017-12-31 00,0.0000
,
,
Metadata,
nldas_prod_name,NLDAS_FORA0125_H.002
nldas_param_short_name,APCPsfc
nldas_param_name,Precipitation hourly total
nldas_unit,kg/m^2
nldas_undef,1000000000000000000000.0000
nldas_begin_time,2009/01/01/09
nldas_end_time,2018/01/01/08
nldas_time_interval[hour],1.0000
nldas_tot_record,78888.0000
nldas_grid_y,110.0000
nldas_grid_x,29.0000
nldas_elevation[m],44.6843
nldas_dlat,0.1250
nldas_dlon,0.1250
nldas_ydim(original data set),224.0000
nldas_xdim(original data set),464.0000
nldas_start_lat(original data set),25.0625
nldas_start_lon(original data set),-124.9375
nldas_Last_update,Sun Jul 26 15:44:50 2020
nldas_begin_time_index,262988.0000
nldas_end_time_index,341875.0000
nldas_lat,38.8125
nldas_lon,-121.3125
nldas_Request_time,Mon Jul 27 13:42:15 2020
nldas_temporalresolution,daily
column_1,Date
column_2,Daily Total
nldas_timeZone,America/Los_Angeles
nldas_tz_offset,-8.0000
Daily Total_sum,4777.5850
Daily Total_mean,1.4535
Daily Total_max,62.9070
Daily Total_standard_deviation,5.2804
Daily Total_variance,27.8827
Daily Total_median,0.0000
Daily Total_entropy,2.9249
Daily Total_geometric_mean,0.0000
Daily Total_skewness,5.6777
Daily Total_root_mean_square,5.4760
Daily Total_99_percentile,26.2520
Daily Total_99_percentile_count,33.0000
Daily Total_95_percentile,10.2122
Daily Total_95_percentile_count,164.0000
Daily Total_75_percentile,0.0000
Daily Total_75_percentile_count,3287.0000
Daily Total_zero_count,2528.0000
request_url,/api/meteorology/precipitation/
retrievalTime,33901 ms
